Region,Subregion,Idx
Diencephalon,rAnterior_preoptic_dopaminergic_cluster,[]
Diencephalon,rAnterior_pretectum_cluster_of_vmat2_Neurons,"[ 2064  2681  2697  2811  2840  2855  2856  2942  2956  3267  3270  3274
  3276  3290  3297  3325  3342  3347  3355  3401  3450  3474  3548  3649
  3687  3739  3747  3780  3835  3878  3881  3911  3975  4012  4016  4032
  4045  4100  4115  4225  4226  4254  4257  4277  4311  4357  4377  4484
  4543  4674  4714  4822  4878  4925  4935  4956  5000  5017  5040  5126
  5163  5222  5289  5438  5493  5550  5557  5602  5611  5693  5725  5730
  5760  5762  5774  5785  5902  5904  5922  5935  5965  5986  5993  6008
  6028  6030  6073  6080  6093  6095  6116  6132  6138  6151  6202  6256
  6339  6411  6497  6507  6518  6525  6549  6574  6633  6655  6705  6709
  6762  6774  6795  6845  6868  6873  6876  6880  6898  6929  6951  6957
  6970  6977  7038  7061  7132  7152  7167  7184  7202  7240  7248  7303
  7322  7390  7462  7515  7549  7593  7627  7628  7692  7714  7765  7806
  7814  7848  7911  7945  7967  8001  8018  8046  8056  8061  8080  8098
  8111  8121  8135  8161  8174  8251  8253  8261  8325  8382  8427  8454
  8655  8658  8679  8707  8775  8784  8807  8847  8862  8888  8995  9051
  9098  9161  9225  9300  9311  9423  9424  9473  9487  9532  9553  9557
  9590  9644  9705  9757  9771  9793  9903 10000 10010 10076 10215 10265
 10301 10373 10471 10550 10581 10586 10657 10839 10900 11019 11100 11193
 11200 11312 11433]"
Diencephalon,rCaudal_Hypothalamus,[]
Diencephalon,rDiffuse_Nucleus_of_the_Intermediate_Hypothalamus,[160 269 339 344 351]
Diencephalon,rDopaminergic_Cluster_1___ventral_thalamic_and_periventricular_,"[  33   44  131  144  158  183  245  298  322  335  361  366  368  434
  440  541  544  545  580  587  648  678  694  820  939  968 1004 1040
 1248 1274 1293 1464 1471 1550 1947 2045 2123 2589]"
Diencephalon,rDopaminergic_Cluster_2___posterior_tuberculum,[]
Diencephalon,rDopaminergic_Cluster_3___hypothalamus,[]
Diencephalon,rDopaminergic_Cluster_4_5___posterior_tuberculum_and_hypothalam,[]
Diencephalon,rDopaminergic_Cluster_6___hypothalamus,[]
Diencephalon,rDopaminergic_Cluster_7___Caudal_Hypothalamus,[]
Diencephalon,rDorsal_Thalamus,"[2186 2207 2247 2309 2377 2548 2561 2642 2664 2711 2741 2819 2856 2942
 2956 2986 2993 3036 3048 3060 3237 3290 3297 3320 3322 3347 3425 3439
 3450 3470 3548 3609 3624 3672 3739 3747 3800 3818 3878 3960 4016 4032
 4041 4096 4100 4226 4230 4242 4254 4277 4377 4390 4402 4431 4543 4545
 4956 5298 5438 5493 5725 5730 5760 5922 5935 5986 5993 6008 6080 6093
 6095 6116 6138 6549 6795 6951 6978 7152 7188 7339 8056 8296 8367]"
Diencephalon,rEminentia_Thalami,"[1052 1387 1420 1518 1521 1528 1584 1630 1656 1754 1882 1997 2119 2143
 2299 2426 2586 2653 2873]"
Diencephalon,rHabenula,"[ 5487  5729  5880  5967  6148  6354  6401  6420  6490  6517  6523  6547
  6582  6594  6632  6647  6656  6678  6760  6770  6828  6850  6926  6927
  6944  6974  7112  7129  7224  7271  7336  7455  7550  7573  7577  7644
  7657  7755  7829  7886  7934  7951  7972  7984  8088  8104  8112  8156
  8285  8372  8382  8491  8555  8603  8712  8765  8797  8801  8836  8856
  8858  8875  8881  8929  8941  9043  9049  9074  9085  9140  9188  9239
  9255  9266  9281  9283  9286  9372  9380  9500  9529  9577  9623  9640
  9691  9725  9737  9768  9779  9784  9798  9809  9811  9858  9920  9986
  9987 10027 10070 10142 10147 10163 10224 10236 10272 10284 10295 10384
 10407 10452 10470 10529 10542 10556 10719 10790 10866 10891 10928 11041
 11069 11205 11237 11288 11289 11338 11361 11465 11545 11582 12096 12272]"
Diencephalon,rHypothalamus___Caudal_Hypothalamus_Neural_Cluster,[]
Diencephalon,rHypothalamus___Intermediate_Hypothalamus_Neural_Cluster,[]
Diencephalon,rHypothalamus_Gad1b_Cluster_1,339
Diencephalon,rHypothalamus_Vglut2_Cluster_1,[]
Diencephalon,rHypothalamus_Vglut2_Cluster_2,[]
Diencephalon,rHypothalamus_Vglut2_Cluster_3,[ 49 160 181 315 344 350 351 461 601 731]
Diencephalon,rHypothalamus_Vglut2_Cluster_5,[]
Diencephalon,rHypothalamus_Vglut2_Cluster_6,[]
Diencephalon,rHypothamic_VentroLateral_VMAT_cluster,[ 29  84 261]
Diencephalon,rIntermediate_Hypothalamus,[148 160 179 217 229 255 269 288 315 327 339 343 351 461 731]
Diencephalon,rLeft_Habenula_Vglut2_Cluster,"[ 6041  6523  6594  6678  6926  6944  7137  7224  7271  7550  7577  7644
  7829  7886  7934  7951  8156  8372  8382  8491  8555  8856  8929  9140
  9255  9500  9809  9920 10115 10236 10272 10470 10529]"
Diencephalon,rMedial_vglut2_cluster,[  57   82  110  190  192 1519 2396 3107]
Diencephalon,rMigrated_Area_of_the_Pretectum_M1,[3084 3645]
Diencephalon,rMigrated_Posterior_Tubercular_Area_M2,[147 519]
Diencephalon,rPineal_Vmat2_cluster,"[10718 10790 10981 11035 11095 11237 11253 11348 11465 11545 11732 11799
 11800 12055 12242 12421 12450 12490 13091 13203 13502 13585 13659 13676
 13845 13934 14523]"
Diencephalon,rPineal,"[10749 11175 11253 11307 11732 11737 11800 11901 11943 12376 12490 12803
 12831 13091 13190 13502 13659 13845 13934]"
Diencephalon,rPituitary,[]
Diencephalon,rPosterior_Tuberculum,"[  34   44   57   68   82   92  107  110  114  124  144  183  190  192
  254  319  353  364  440  455  541  544  545  552  555  567  570  587
  593  597  648  688  838  957 1004 1040 1051 1087 1136 1185 1198 1248
 1272 1274 1293 1341 1398 1450 1464 1471 1519 1538 1550 1600 1604 1703
 1710 1881 1947 1987 2045 2088 2123 2152 2167 2334 2335 2365 2379 2392
 2589 2670 2732 2760 2880 2881 2985 3065 3171 3294 3468]"
Diencephalon,rPreoptic_Area,"[   1   15   18   22   33   42   53   55  104  118  127  131  141  158
  159  183  196  197  237  245  246  247  270  277  298  322  335  349
  356  361  366  368  431  434  462  470  476  485  503  580  608  613
  622  648  670  678  694  697  730  820  852  874  895  922  939  949
  956  968 1004 1040 1055 1066 1126 1321 1337 1372 1387 1464 1471 1528
 1550 1600 1754 1947 2001 2123 2215 2365 2586]"
Diencephalon,rPreoptic_area_posterior_dopaminergic_cluster,[]
Diencephalon,rPretectal_Gad1b_Cluster,"[ 5762  6202  6507  6655  6868  6898  6929  6957  7061  7515  7628  7692
  7714  7765  7806  7814  7848  7945  8001  8018  8080  8098  8121  8135
  8251  8253  8261  8427  8454  8655  8658  8707  8775  8784  8807  8847
  8862  8888  8995  9051  9098  9161  9225  9300  9381  9424  9473  9487
  9557  9590  9705  9757  9793 10000 10146 10301 10657]"
Diencephalon,rPretectal_dopaminergic_cluster,"[ 3401  3747  3975  4016  4032  4254  4257  4277  4311  4357  4674  4822
  4878  4925  4935  5557  5602  5647  5693  5730  5762  5774  5785  5904
  5935  5993  6073  6093  6132  6138  6151  6202  6256  6285  6339  6411
  6507  6518  6525  6574  6602  6655  6705  6709  6730  6744  6762  6769
  6774  6836  6845  6851  6873  6876  6929  6951  6957  6970  6977  7033
  7038  7091  7132  7167  7202  7240  7248  7462  7549  7627  7628  7682
  7714  7813  7814  7848  7911  7967  8001  8046  8061  8098  8111  8121
  8138  8161  8174  8186  8210  8251  8253  8325  8427  8454  8655  8658
  8679  8707  8775  8847  8862  8888  8995  9051  9098  9161  9300  9311
  9423  9424  9473  9532  9590  9644  9705  9757  9771  9793  9903 10000
 10010 10076 10135 10215 10265 10301 10373 10471 10550 10581 10586 10657
 10821 10839 10900 11019 11100 11193 11312 11382 11433 12023]"
Diencephalon,rPretectum,"[ 2855  2942  3267  3272  3276  3293  3325  3355  3356  3392  3454  3460
  3474  3521  3533  3622  3687  3730  3731  3835  3881  3908  3911  4005
  4012  4035  4045  4046  4052  4082  4093  4115  4140  4167  4195  4225
  4234  4241  4257  4307  4357  4473  4484  4591  4622  4714  4737  4822
  4878  4881  4925  4935  4958  4981  5000  5040  5042  5047  5126  5130
  5163  5188  5240  5289  5313  5550  5557  5602  5603  5609  5611  5614
  5647  5693  5762  5774  5785  5812  5819  5822  5891  5902  5904  5939
  5965  6030  6073  6132  6151  6163  6175  6185  6196  6202  6256  6285
  6301  6339  6349  6411  6497  6507  6518  6525  6532  6535  6574  6602
  6638  6655  6677  6696  6705  6709  6730  6744  6762  6769  6774  6826
  6836  6845  6851  6863  6868  6873  6876  6880  6898  6929  6942  6957
  6970  6977  7033  7038  7061  7075  7091  7132  7184  7202  7217  7240
  7248  7303  7333  7360  7390  7435  7462  7515  7549  7570  7624  7627
  7628  7655  7692  7714  7765  7794  7806  7813  7814  7848  7911  7945
  7967  8001  8046  8061  8080  8098  8103  8111  8121  8161  8163  8174
  8186  8191  8210  8251  8253  8261  8325  8328  8427  8428  8454  8655
  8658  8707  8775  8784  8807  8847  8862  8888  8986  8995  9051  9161
  9225  9300  9381  9424  9473  9487  9553  9557  9590  9705  9757  9793
  9833 10000 10146 10301 10380 10581 10657 11519]"
Diencephalon,rRight_Habenula_Vglut2_Cluster,"[ 5078  5729  5880  5967  6354  6401  6490  6517  6547  6582  6632  6760
  6782  6850  6974  7129  7336  7455  7573  7657  7755  7830  7972  7984
  8112  8285  8713  8801  8881  8941  9043  9049  9074  9085  9239  9266
  9283  9529  9640  9691  9784  9798 10147 10163 10224 10281 10542]"
Diencephalon,rRostral_Hypothalamus,[]
Diencephalon,rTorus_Lateralis,[]
Diencephalon,rVentral_Thalamus,"[ 583  771 1068 1071 1230 1258 1298 1360 1482 1515 1523 1556 1599 1612
 1640 1679 1681 1802 1837 1848 1910 2063 2098 2099 2180 2209 2231 2303
 2329 2442 2470 2490 2581 2774 2783 2820 2827 2914 2976 3028 3235 3379
 3386 3465 3625 3646 3662 3737 3826 4127 4141 4204 4208 4220 4228 4233
 4337 4455 4471 4551 4629 4716 4774 4919 5080 5087 5187 5344 5711]"
Diencephalon,r_,[    1     2    10 ... 13934 14517 14523]
Ganglia,rAnterior_Lateral_Line_Ganglion,[ 79  84 120 233 243 261 263 365 467]
Ganglia,rFacial_Sensory_Ganglion,[108 261]
Ganglia,rFacial_glossopharyngeal_ganglion,[]
Ganglia,rPosterior_Lateral_Line_Ganglia,[3799 4492 4550 5129 5322 5409 6283]
Ganglia,rStatoacoustic_Ganglion,"[ 258  306  336  788 1039 1152 1192 1224 1690 1800 1860 2287 2492 2693
 2726 3008 3080 3219]"
Ganglia,rTrigeminal_Ganglion,[ 83 134 228 262 309 359]
Ganglia,rVagal_Ganglia,[2471 3105 3610 3799 3856 4550]
Mesencephalon,rMedial_Tectal_Band,"[ 3147  3234  3253  3343  3390  3391  3419  3456  3479  3562  3678  3699
  3714  3746  3846  3882  3931  4009  4015  4066  4091  4169  4188  4274
  4313  4366  4401  4422  4482  4589  4687  4820  4924  4992  5032  5064
  5399  5484  5597  5624  5648  5652  5657  5668  5717  5766  5772  5813
  5833  5878  5894  5954  5995  6115  6200  6225  6407  6446  6520  6538
  6540  6551  6563  6606  6634  6749  6750  6768  6811  6820  6881  6915
  6920  6956  6971  7077  7090  7145  7172  7249  7343  7393  7447  7489
  7536  7542  7585  7656  7708  7744  7850  7866  7932  8024  8359  8426
  8516  8530  8570  8591  8629  8663  8730  8778  8783  8785  8821  8857
  8978  9118  9190  9200  9209  9215  9316  9329  9339  9451  9510  9523
  9585  9642  9675  9698  9708  9710  9742  9758  9831  9860  9865  9867
  9881  9884  9890  9910  9911  9915  9993 10049 10073 10075 10080 10117
 10123 10133 10152 10159 10172 10186 10187 10211 10323 10372 10434 10464
 10512 10528 10540 10594 10607 10741 10773 10830 10858 10933 10954 10969
 10989 11029 11049 11063 11076 11091 11142 11160 11186 11214 11224 11250
 11291 11316 11404 11409 11414 11448 11454 11487 11488 11523 11524 11532
 11556 11672 11694 11712 11723 11762 11822 11936 11997 12012 12088 12222
 12232 12250 12280 12284 12335 12364 12381 12472 12530 12649 12715 12735
 12738 12782 12864 12953 12968 13005 13052 13125 13239 13264 13336 13347
 13371 13404 13477 13507 13610 13616 13700 13789 14039 14148 14248 14292
 14311 14475 14578 14635 14740 14758]"
Mesencephalon,rNucMLF_nucleus_of_the_medial_longitudinal_fascicle,"[ 191  204  755 1386 1480 1597 1667 1718 1748 1816 1828 1877 1885 1952
 1989 2137 2263 2288 2347 2384 2418 2513 2659 3068 3079 3226 3292 4432
 4579]"
Mesencephalon,rOculomotor_Nucleus_nIII,"[ 500  512  797  911  987 1237 1238 1275 1296 1305 1338 1386 1492 1597
 1652 1667 1718 1757 1773 1797 1828 1952 1964 1974 1989 2058 2113 2137
 2420 2447 2475 2501 2510 2513 2568 2622 2623 2629 2683 2719 2869 3053
 3068 3158 3224 3249 3292 3313 3316 3547 3753 3924 3935 4094 4151 4293
 4460 4652 4703 4725 4728 4779 4787 4801 4817 5013 5195 5288 5465 5483
 5537 5567 5588 5637 5663 5686 5694 5745 5841 6049 6147 6251 6271 6389
 6412 6487 6573 6622 6668 6707 6822 6934 6960 6961 7273 7306 7388 7501
 7722 7881 8002 8869 9354 9549]"
Mesencephalon,rTectum_Stratum_Periventriculare,[   62   188   296 ... 17103 17104 17106]
Mesencephalon,rTectum_Neuropil,[ 3225  3246  3269 ... 16277 16282 16616]
Mesencephalon,rTegmentum,"[    6    12    28    46    54    59    65    70    72    78    89    94
   111   123   132   139   151   153   156   169   179   185   198   202
   203   212   217   241   248   250   260   275   288   293   313   321
   323   342   343   375   386   389   405   409   413   415   416   418
   421   438   439   448   456   463   482   483   500   504   507   512
   514   518   521   538   551   563   576   588   589   603   611   617
   618   655   657   669   677   680   687   710   717   718   728   734
   740   745   772   777   797   813   815   822   825   829   842   844
   849   853   870   885   889   891   894   897   904   911   917   919
   932   936   941   942   946   951   970   986   987   989   997  1012
  1015  1022  1045  1054  1059  1073  1079  1086  1090  1109  1125  1127
  1135  1143  1145  1153  1156  1171  1179  1201  1204  1208  1215  1220
  1237  1238  1275  1282  1288  1296  1305  1316  1328  1329  1331  1334
  1338  1363  1368  1386  1391  1397  1410  1426  1440  1453  1458  1466
  1469  1475  1480  1486  1492  1508  1554  1558  1561  1565  1573  1597
  1608  1610  1613  1641  1646  1652  1655  1667  1669  1685  1718  1733
  1734  1736  1748  1757  1765  1773  1792  1797  1799  1809  1816  1818
  1822  1824  1828  1845  1852  1862  1869  1877  1883  1885  1896  1897
  1899  1917  1921  1923  1927  1930  1942  1949  1952  1960  1963  1964
  1971  1974  1985  1986  1989  2002  2016  2026  2032  2035  2044  2058
  2067  2090  2091  2113  2137  2151  2156  2159  2160  2163  2165  2166
  2175  2204  2244  2261  2263  2269  2275  2283  2288  2295  2301  2305
  2308  2311  2325  2344  2347  2366  2369  2370  2381  2384  2402  2418
  2420  2424  2432  2440  2444  2445  2447  2452  2474  2475  2494  2498
  2501  2510  2513  2527  2528  2539  2544  2547  2554  2556  2559  2564
  2568  2570  2584  2601  2619  2622  2623  2627  2629  2634  2639  2650
  2656  2658  2659  2672  2683  2684  2695  2715  2717  2719  2722  2728
  2731  2734  2736  2739  2743  2750  2770  2790  2802  2814  2823  2831
  2832  2834  2850  2857  2864  2867  2869  2890  2894  2897  2910  2912
  2929  2935  2940  2968  2979  2989  2990  2994  2997  2998  3002  3006
  3012  3031  3041  3049  3053  3057  3062  3063  3066  3068  3079  3088
  3093  3098  3103  3111  3121  3126  3138  3148  3155  3158  3165  3169
  3180  3182  3190  3196  3201  3204  3216  3224  3226  3249  3254  3266
  3268  3271  3275  3285  3286  3292  3308  3313  3316  3329  3337  3345
  3363  3365  3373  3380  3397  3398  3403  3410  3420  3432  3435  3436
  3443  3451  3452  3472  3483  3489  3497  3498  3499  3502  3519  3536
  3547  3561  3567  3571  3577  3585  3592  3607  3613  3633  3667  3668
  3671  3679  3691  3701  3703  3732  3753  3757  3760  3783  3784  3786
  3792  3812  3816  3827  3838  3853  3868  3871  3876  3903  3924  3935
  3947  3952  3957  3961  3970  3971  3972  3981  3990  4014  4022  4029
  4030  4031  4043  4061  4075  4088  4094  4098  4105  4109  4111  4118
  4122  4123  4133  4135  4137  4142  4151  4155  4166  4178  4181  4185
  4203  4205  4214  4239  4240  4244  4269  4279  4285  4289  4293  4302
  4303  4317  4343  4351  4362  4367  4379  4399  4424  4425  4432  4454
  4460  4467  4493  4517  4528  4568  4579  4608  4618  4643  4652  4663
  4664  4667  4672  4680  4681  4700  4703  4706  4707  4710  4725  4727
  4728  4731  4732  4760  4773  4779  4786  4787  4789  4801  4802  4808
  4810  4816  4817  4819  4862  4883  4887  4888  4902  4910  4923  4924
  4934  4963  4964  4968  4973  4975  4977  4989  5013  5016  5024  5031
  5033  5036  5051  5052  5089  5092  5098  5132  5138  5139  5170  5192
  5195  5202  5248  5269  5288  5296  5308  5341  5362  5389  5412  5414
  5430  5446  5447  5462  5465  5476  5483  5489  5496  5500  5534  5537
  5541  5544  5552  5560  5567  5570  5573  5580  5588  5595  5603  5604
  5609  5616  5617  5619  5631  5636  5637  5638  5642  5651  5659  5663
  5664  5665  5670  5684  5686  5694  5695  5719  5723  5727  5734  5737
  5743  5745  5747  5756  5779  5780  5784  5804  5814  5820  5825  5826
  5831  5841  5842  5864  5870  5877  5885  5901  5906  5919  5976  5979
  5983  5999  6003  6006  6020  6021  6049  6064  6067  6088  6101  6135
  6147  6164  6167  6175  6186  6187  6193  6203  6242  6251  6264  6271
  6297  6300  6303  6324  6337  6338  6343  6347  6361  6387  6389  6390
  6397  6399  6409  6412  6432  6439  6443  6468  6474  6485  6487  6488
  6494  6496  6528  6537  6539  6552  6555  6557  6566  6573  6585  6596
  6605  6615  6616  6622  6623  6627  6648  6661  6664  6666  6668  6679
  6681  6687  6693  6700  6702  6707  6720  6721  6722  6740  6743  6747
  6771  6786  6787  6792  6812  6822  6847  6854  6858  6905  6912  6934
  6943  6946  6959  6960  6961  6972  6985  6997  7003  7010  7015  7019
  7041  7063  7084  7088  7101  7114  7119  7121  7130  7139  7204  7238
  7242  7261  7268  7273  7274  7276  7306  7313  7379  7388  7420  7432
  7452  7466  7490  7500  7501  7506  7523  7528  7529  7557  7563  7580
  7582  7583  7606  7630  7681  7685  7696  7707  7717  7718  7722  7738
  7751  7763  7780  7782  7792  7797  7845  7851  7860  7881  7916  7919
  7929  7940  7999  8002  8053  8057  8075  8091  8128  8193  8202  8204
  8207  8255  8273  8301  8322  8379  8458  8460  8507  8580  8624  8625
  8629  8671  8818  8869  8885  9026  9048  9057  9082  9112  9139  9179
  9264  9354  9404  9477  9531  9549  9895 10139 10209 10229 10245 10263
 10411 10416 10531]"
Mesencephalon,rTorus_Longitudinalis,"[11263 13431 13492 13672 13908 14085 14303 14416 14510 14556 14651 14662
 14712 14871 14914 14935 14981 15042 15066 15074 15353 15686 15731 15737
 15770 15780 15849 15882 15899 15957 15968 15973 16031 16034 16040 16046
 16083 16110 16126 16195 16232 16296 16452 16502 16538 16597 16740 16793
 16797 16841]"
Mesencephalon,rTorus_Semicircularis,"[  49   63   71   75   85   88  101  109  121  133  146  167  187  211
  214  224  231  256  264  273  278  285  305  308  314  326  348  350
  362  376  388  402  410  428  459  461  477  492  494  502  509  520
  526  530  532  537  539  540  546  561  562  564  578  586  601  602
  606  607  610  621  627  638  643  645  652  661  663  673  684  693
  699  700  701  707  715  716  727  731  732  742  748  749  750  751
  768  769  782  787  793  801  806  817  821  824  830  833  837  841
  848  855  856  859  863  878  913  914  923  925  928  931  943  947
  950  959  975  978  998 1001 1007 1010 1018 1019 1021 1030 1036 1047
 1057 1062 1063 1074 1075 1080 1081 1099 1101 1103 1110 1113 1116 1128
 1131 1134 1137 1146 1151 1155 1157 1161 1165 1170 1172 1180 1186 1187
 1195 1200 1205 1207 1209 1212 1219 1223 1231 1232 1233 1235 1236 1243
 1253 1262 1264 1266 1271 1278 1280 1290 1309 1312 1315 1320 1322 1336
 1346 1356 1358 1359 1381 1384 1395 1416 1419 1424 1425 1426 1429 1430
 1441 1444 1473 1483 1485 1493 1505 1512 1531 1536 1544 1552 1557 1560
 1570 1574 1583 1590 1591 1594 1616 1619 1620 1625 1627 1629 1632 1633
 1635 1637 1642 1651 1668 1673 1675 1684 1694 1700 1701 1702 1705 1708
 1712 1713 1716 1719 1729 1737 1740 1747 1750 1752 1768 1781 1787 1788
 1789 1793 1796 1806 1807 1810 1821 1829 1832 1838 1841 1846 1850 1856
 1857 1866 1870 1871 1873 1875 1879 1884 1887 1888 1890 1893 1894 1898
 1900 1901 1906 1908 1909 1914 1918 1919 1920 1924 1925 1928 1929 1936
 1951 1953 1965 1967 1968 1976 1978 1979 1980 1981 1993 1995 2008 2021
 2033 2041 2047 2048 2052 2061 2065 2076 2097 2114 2127 2133 2149 2150
 2155 2172 2181 2198 2199 2200 2201 2204 2217 2227 2228 2236 2237 2240
 2243 2244 2262 2264 2268 2271 2278 2292 2294 2298 2300 2302 2304 2314
 2316 2318 2323 2338 2346 2352 2353 2360 2363 2375 2380 2386 2399 2404
 2410 2412 2417 2421 2428 2429 2436 2444 2454 2462 2465 2466 2469 2479
 2483 2487 2488 2491 2499 2503 2506 2508 2519 2520 2532 2537 2543 2567
 2571 2572 2573 2576 2592 2597 2602 2631 2633 2634 2637 2639 2645 2652
 2656 2661 2682 2691 2694 2713 2714 2722 2744 2762 2763 2772 2779 2792
 2810 2823 2825 2834 2846 2886 2893 2895 2906 2913 2919 2925 2932 2940
 2941 2948 2953 2955 2960 2973 2980 2990 3005 3006 3024 3055 3056 3059
 3061 3094 3108 3113 3117 3120 3124 3131 3132 3139 3145 3147 3156 3169
 3170 3187 3188 3192 3200 3204 3319 3340 3344 3446 3526 3659 3670 3773]"
Mesencephalon,rVglut2_cluster_1,"[  40   60  119  128  184  194  302  375  449  495  522  531  566  585
  675  755  780  798  870  904  927 1024 1053 1098 1114 1139 1179 1204
 1244 1292 1313 1368 1434 1474 1613 1623 1671 1748 1805 1808 1989 2002
 2066 2080 2141 2218 2234 2280 2325 2342 2402 2510 2678 2685 2733 2946
 2959 2989 3259 3378 3643 3703 3726 3734 3947 3978 4109 4118 4122 4128
 4194 4196 4238 4239 4244 4303 4368 4643 4663 4664 4706 4816 4844 4910
 4923 4934 4963 5296 5414 5462 5544 5631 5664 5825 5831 5842 5864 5877
 6020 6067 6264 6557 6946 7019 7063 7204 7379 7452 7500 7523 7580 7738
 7763 8091 8207 8273]"
Mesencephalon,rVmat2_cluster_of_paraventricular_organ,[]
Mesencephalon,rVmat2_cluster2,[ 131  144  364  366  541  580 1248]
Mesencephalon,r_,[    6    12    28 ... 17104 17106 17109]
Rhombencephalon,rAnterior_Cluster_of_nV_Trigeminal_Motorneurons,"[ 3025  3086  3090  3600  3669  3697  3791  3806  3824  4616  4632  4634
  4746  4967  5001  5096  5123  5451  5502  5559  5821  5966  5968  6001
  6014  6070  6134  6158  6350  6355  6625  6665  6716  6739  6755  6987
  7055  7131  7341  7397  7414  7451  7595  7800  7898  7971  7998  8059
  8065  8106  8152  8162  8180  8439  8596  8651  8734  8804  8911  8969
  8994  9182  9201  9662  9721  9769  9796  9823  9830  9951 10077 10288
 10519 10543 10656 10885 10899 10935 11286 11293 11415 12036 12274]"
Rhombencephalon,rCerebellar_Neuropil_1,[ 5236  7604  9133  9169  9173  9652  9659 10577]
Rhombencephalon,rCerebelluar_Vglut2_enriched_areas,"[ 1569  1834  1886  1940  2147  2289  2312  2354  2355  2407  2433  2476
  2552  2577  2615  2668  2698  2766  2813  2821  2902  2916  2923  3021
  3035  3040  3067  3099  3159  3195  3208  3227  3256  3430  3438  3445
  3459  3475  3532  3564  3568  3574  3608  3682  3690  3693  3720  3781
  3787  3844  3915  3939  3940  4004  4007  4081  4097  4107  4158  4161
  4179  4217  4218  4219  4275  4290  4314  4318  4324  4343  4373  4400
  4541  4603  4605  4618  4669  4675  4691  4719  4732  4733  4753  4795
  4897  4911  4937  4943  4948  4970  4980  5020  5024  5091  5097  5164
  5179  5186  5236  5263  5304  5387  5388  5454  5456  5512  5516  5539
  5552  5577  5579  5672  5684  5690  5709  5759  5855  5870  5942  5945
  5994  6012  6015  6052  6128  6155  6356  6364  6367  6371  6396  6413
  6448  6449  6462  6483  6492  6534  6553  6559  6565  6577  6610  6737
  6751  6775  6842  6853  6884  6962  6965  7050  7164  7207  7214  7324
  7430  7439  7460  7552  7559  7572  7604  7617  7618  7715  7733  7837
  7901  7954  7960  7963  7978  8360  8396  8418  8431  8477  8480  8495
  8511  8525  8546  8606  8609  8708  8718  8756  8776  8791  8907  8972
  9039  9041  9080  9122  9133  9169  9173  9348  9624  9652  9659  9671
  9682  9696  9736  9824  9887 10031 10053 10104 10125 10207 10401 10438
 10480 10530 10545 10577 10648 10742 10766 10827 10850 10874 10960 11024
 11045 11117 11123 11427 11526 11601 11627 11835 11859 11882 11909 11993
 12085 12132 12262 12422 12483 12568 12614 12670 12719 12729 12835 12876
 12905 12928 12934 12981 13036 13129 13185 13212 13405 13498 13708 13779
 13849 13886 14042 14049 14066 14081 14406 14711 14742 14979 15021 15071
 15079 15151 15203 15279 15330 15337 15390 15467 15480 15481 15505 15641
 15698 15734 15775 16128 16178 16211 16251 16412 16731]"
Rhombencephalon,rCerebellum_Gad1b_Enriched_Areas,"[ 6363  6421  6451  6503  6524  6592  6806  6827  6964  6999  7266  7346
  7444  7469  7475  7492  7498  7597  7599  7636  7651  7693  7719  7852
  7950  8033  8092  8355  8478  8485  8504  8551  8557  8605  8612  8615
  8660  8902  8924  8948  9008  9040  9050  9069  9094  9230  9317  9368
  9441  9605  9618  9636  9667  9713  9726  9734  9776  9797  9825  9826
  9853  9919  9938  9944  9955 10039 10057 10069 10181 10185 10233 10304
 10312 10345 10467 10539 10682 10686 10693 10745 10747 10750 10764 10769
 10777 10793 10798 10814 10819 10841 10862 10875 10884 10893 10917 10918
 10919 10930 10953 11026 11038 11046 11087 11113 11167 11211 11272 11279
 11280 11398 11413 11486 11506 11517 11606 11610 11619 11624 11643 11650
 11653 11670 11702 11718 11727 11729 11742 11765 11780 11781 11782 11828
 11833 11866 11878 11902 11913 11916 11957 11965 11968 11970 11982 11986
 11987 12028 12051 12077 12095 12130 12201 12213 12219 12265 12267 12317
 12321 12360 12373 12399 12527 12547 12550 12552 12578 12593 12633 12682
 12688 12699 12723 12747 12754 12756 12877 12962 13012 13013 13039 13076
 13119 13143 13173 13174 13184 13200 13269 13334 13378 13410 13423 13433
 13472 13491 13500 13524 13537 13540 13545 13627 13652 13701 13741 13823
 13834 13882 13884 13885 13893 13991 14105 14224 14226 14235 14267 14308
 14339 14345 14347 14399 14481 14562 14588 14643 14670 14673 14726 14729
 14765 14777 14812 14927 14929 14949 14968 14979 14986 14987 14993 14996
 15005 15021 15049 15079 15095 15097 15127 15142 15151 15180 15185 15190
 15194 15203 15210 15214 15258 15272 15279 15286 15309 15311 15330 15339
 15341 15367 15383 15390 15396 15397 15403 15415 15442 15467 15480 15481
 15503 15505 15507 15547 15571 15573 15614 15624 15636 15641 15646 15650
 15653 15661 15664 15668 15675 15679 15685 15698 15704 15706 15734 15774
 15775 15782 15800 15808 15817 15859 15863 15878 15879 15903 15917 15922
 15923 15926 15940 15952 15969 16002 16007 16012 16014 16016 16023 16025
 16026 16043 16063 16070 16077 16079 16091 16096 16103 16106 16111 16114
 16119 16128 16129 16161 16173 16174 16175 16178 16180 16191 16210 16211
 16221 16228 16240 16245 16251 16256 16257 16259 16265 16275 16297 16309
 16314 16318 16323 16332 16337 16343 16358 16360 16362 16378 16385 16411
 16412 16416 16417 16419 16425 16447 16460 16467 16477 16488 16492 16493
 16510 16553 16560 16569 16576 16583 16601 16604 16605 16625 16636 16641
 16657 16671 16681 16682 16697 16716 16721 16731 16766 16767 16795 16807
 16827]"
Rhombencephalon,rCerebellum,"[ 2516  2836  3000  3101  3202  3205  3298  3418  3491  3527  3545  3550
  3588  3665  3686  3688  3707  3715  3716  3758  3820  3843  3863  3926
  4004  4056  4175  4292  4315  4324  4373  4383  4429  4433  4488  4520
  4527  4552  4605  4624  4636  4650  4669  4698  4719  4753  4771  4795
  4866  4875  4895  4915  4937  4941  4962  4986  5011  5030  5088  5090
  5151  5175  5186  5194  5236  5242  5249  5317  5319  5388  5393  5426
  5463  5470  5482  5485  5516  5556  5690  5712  5827  5837  5868  5888
  5914  5930  5940  5942  5944  6015  6052  6053  6113  6121  6154  6211
  6363  6367  6398  6413  6421  6448  6449  6451  6454  6461  6486  6503
  6524  6575  6592  6626  6683  6697  6751  6788  6799  6801  6842  6860
  6862  6964  6975  6999  7050  7156  7162  7195  7214  7250  7257  7324
  7330  7369  7381  7400  7411  7417  7430  7444  7460  7469  7472  7475
  7498  7507  7510  7514  7519  7544  7545  7559  7572  7597  7598  7604
  7613  7618  7621  7636  7642  7688  7693  7715  7719  7733  7818  7820
  7837  7852  7879  7950  7952  7963  7982  8033  8036  8078  8097  8271
  8360  8399  8401  8478  8480  8501  8511  8525  8546  8551  8557  8568
  8572  8585  8605  8606  8612  8630  8661  8685  8697  8728  8776  8791
  8792  8827  8873  8887  8890  8901  8907  8924  8948  9040  9069  9122
  9133  9147  9158  9165  9169  9173  9230  9301  9317  9348  9368  9618
  9647  9652  9659  9671  9687  9696  9713  9726  9730  9738  9800  9805
  9824  9826  9853  9859  9887  9919  9932  9944  9953  9955 10021 10053
 10057 10068 10104 10125 10168 10181 10185 10207 10233 10282 10312 10327
 10328 10381 10401 10427 10438 10467 10480 10539 10545 10577 10604 10648
 10671 10675 10682 10686 10690 10693 10725 10742 10743 10745 10764 10766
 10777 10789 10792 10793 10798 10810 10811 10827 10841 10850 10874 10884
 10903 10911 10917 10918 10953 10960 11024 11026 11034 11045 11087 11113
 11117 11123 11211 11249 11252 11280 11337 11355 11398 11413 11426 11427
 11431 11440 11503 11526 11601 11606 11610 11624 11627 11639 11643 11650
 11659 11670 11684 11690 11691 11696 11702 11717 11727 11729 11742 11758
 11780 11781 11782 11789 11797 11828 11833 11835 11866 11878 11882 11909
 11913 11916 11928 11932 11942 11944 11945 11968 11970 11982 11987 11993
 12028 12051 12065 12077 12085 12095 12132 12151 12193 12213 12217 12219
 12262 12263 12265 12267 12309 12313 12317 12321 12360 12373 12419 12422
 12483 12527 12547 12550 12552 12568 12578 12593 12604 12614 12630 12633
 12634 12651 12660 12670 12688 12699 12718 12719 12723 12729 12747 12754
 12756 12757 12762 12822 12835 12876 12877 12902 12905 12918 12928 12962
 12973 12981 12996 13012 13013 13036 13039 13043 13073 13076 13098 13101
 13119 13129 13143 13173 13184 13185 13197 13200 13210 13212 13269 13273
 13324 13332 13334 13378 13391 13405 13410 13423 13433 13435 13437 13472
 13491 13498 13500 13516 13520 13524 13528 13537 13540 13544 13545 13560
 13615 13627 13652 13689 13701 13708 13734 13741 13754 13771 13779 13780
 13815 13823 13832 13834 13846 13849 13859 13870 13878 13881 13882 13884
 13885 13893 13901 13932 13962 13987 13991 13995 14014 14028 14042 14049
 14066 14080 14081 14105 14130 14139 14151 14162 14198 14224 14226 14235
 14267 14270 14308 14333 14339 14345 14347 14355 14362 14393 14399 14403
 14406 14414 14432 14471 14481 14498 14518 14526 14540 14560 14562 14588
 14615 14620 14621 14626 14632 14643 14644 14670 14673 14677 14688 14705
 14726 14729 14742 14757 14759 14765 14771 14777 14785 14795 14801 14802
 14811 14812 14815 14829 14927 14929 14949 14962 14968 14979 14986 14987
 14993 14996 15005 15021 15022 15031 15040 15043 15049 15071 15079 15086
 15095 15097 15127 15142 15146 15151 15158 15180 15185 15190 15194 15202
 15203 15204 15205 15210 15214 15216 15218 15228 15234 15244 15256 15258
 15269 15272 15279 15286 15309 15311 15312 15319 15330 15337 15339 15340
 15341 15367 15370 15374 15379 15383 15390 15391 15396 15397 15400 15403
 15415 15442 15467 15480 15481 15503 15505 15507 15513 15543 15547 15550
 15561 15562 15571 15573 15585 15586 15592 15614 15615 15624 15636 15641
 15646 15650 15653 15659 15661 15664 15668 15675 15679 15685 15691 15698
 15704 15706 15734 15765 15774 15775 15782 15800 15808 15817 15822 15851
 15855 15859 15863 15878 15879 15903 15912 15915 15917 15922 15923 15926
 15940 15941 15952 15969 15975 16002 16007 16009 16012 16014 16016 16020
 16023 16025 16026 16027 16043 16047 16059 16063 16070 16077 16079 16091
 16093 16096 16103 16106 16111 16114 16119 16128 16129 16137 16161 16167
 16173 16174 16175 16178 16180 16191 16199 16206 16210 16211 16216 16221
 16240 16242 16245 16251 16256 16257 16259 16265 16275 16297 16309 16314
 16318 16323 16332 16337 16341 16343 16347 16349 16358 16360 16362 16378
 16385 16399 16411 16412 16416 16417 16419 16425 16442 16445 16447 16454
 16458 16460 16467 16477 16484 16486 16488 16491 16492 16493 16495 16505
 16518 16531 16546 16547 16553 16560 16563 16569 16576 16583 16598 16601
 16604 16605 16625 16630 16636 16641 16657 16671 16681 16682 16697 16716
 16721 16726 16729 16731 16734 16736 16742 16754 16766 16795 16807 16827
 16829 16839 16872 16914 16928 16933 16937 17005 17062 17091 17101]"
Rhombencephalon,rCorpus_Cerebelli,"[ 7050  7460  7604  7715  7733  7837  8480  8511  8525  8546  8606  8791
  8907  9122  9133  9169  9173  9348  9618  9624  9652  9659  9671  9696
  9730  9805  9824  9887  9919  9944  9955 10031 10053 10068 10104 10125
 10181 10185 10207 10233 10282 10328 10338 10401 10427 10438 10480 10545
 10577 10604 10648 10671 10686 10690 10693 10725 10742 10743 10745 10750
 10764 10766 10777 10789 10792 10793 10810 10811 10827 10841 10850 10874
 10884 10903 10918 10953 10960 11024 11026 11034 11045 11046 11087 11113
 11117 11123 11211 11249 11252 11280 11337 11355 11398 11413 11426 11427
 11431 11503 11526 11601 11606 11610 11619 11624 11627 11639 11643 11650
 11670 11684 11690 11696 11702 11717 11727 11729 11742 11758 11780 11781
 11782 11828 11833 11835 11866 11878 11882 11902 11909 11913 11916 11932
 11945 11968 11970 11987 11993 12028 12042 12051 12065 12077 12085 12095
 12130 12132 12213 12217 12219 12262 12263 12265 12267 12313 12317 12321
 12360 12373 12483 12527 12550 12552 12568 12578 12614 12634 12651 12670
 12682 12688 12718 12719 12723 12729 12747 12756 12835 12876 12902 12905
 12928 12981 13036 13039 13043 13076 13098 13129 13173 13184 13185 13197
 13200 13212 13269 13324 13378 13391 13405 13410 13423 13435 13472 13524
 13528 13537 13540 13544 13545 13615 13627 13652 13701 13708 13734 13741
 13754 13779 13832 13834 13859 13870 13885 13893 13991 13995 14014 14066
 14080 14081 14105 14139 14151 14226 14235 14267 14270 14333 14339 14347
 14362 14403 14432 14471 14481 14498 14518 14526 14540 14562 14588 14615
 14620 14626 14643 14644 14670 14673 14688 14705 14726 14729 14757 14759
 14765 14771 14811 14927 14929 14968 14979 14987 14996 15005 15021 15040
 15043 15049 15079 15086 15095 15097 15127 15142 15146 15151 15158 15180
 15185 15194 15203 15204 15210 15214 15216 15228 15244 15256 15258 15269
 15272 15309 15319 15330 15337 15341 15367 15374 15383 15390 15391 15396
 15397 15415 15442 15467 15481 15505 15507 15513 15543 15547 15571 15573
 15585 15586 15592 15614 15624 15636 15641 15650 15653 15661 15664 15675
 15679 15685 15698 15734 15774 15775 15782 15800 15817 15855 15859 15863
 15878 15903 15922 15923 15926 15940 15952 15969 16002 16007 16012 16014
 16016 16023 16025 16026 16043 16059 16063 16091 16096 16103 16106 16111
 16119 16128 16129 16137 16173 16174 16178 16180 16210 16211 16221 16245
 16251 16256 16257 16265 16275 16297 16309 16314 16323 16332 16337 16341
 16343 16349 16358 16360 16362 16378 16385 16399 16411 16412 16416 16417
 16419 16425 16442 16447 16454 16458 16467 16477 16484 16488 16491 16492
 16493 16518 16531 16546 16547 16553 16563 16569 16576 16583 16598 16601
 16604 16605 16625 16630 16636 16641 16671 16681 16682 16697 16716 16721
 16726 16729 16731 16742 16766 16795 16807 16827 16839 16872 16914 16928
 16933 16937 17005 17062 17091 17101]"
Rhombencephalon,rEminentia_Granularis,"[2516 2836 3000 3101 3202 3205 3298 3418 3491 3527 3545 3550 3588 3665
 3686 3688 3707 3715 3716 3758 3843 3863 3926 4004 4056 4175 4292 4315
 4373 4383 4409 4429 4433 4488 4520 4527 4552 4624 4636 4650 4698 4753
 4864 4866 4875 4895 4915 4937 4941 4962 4986 5011 5030 5088 5090 5151
 5175 5186 5194 5242 5249 5317 5319 5388 5393 5426 5463 5470 5482 5485
 5556 5712 5799 5827 5837 5868 5888 5914 5930 5940 5944 6053 6113 6121
 6154 6211 6363 6367 6398 6421 6451 6454 6461 6486 6503 6524 6575 6592
 6626 6683 6788 6799 6801 6827 6860 6964 6975 6999 7156 7162 7195 7250
 7257 7266 7330 7346 7369 7381 7400 7417 7444 7469 7472 7475 7498 7507
 7514 7519 7544 7597 7598 7599 7613 7621 7636 7642 7651 7693 7719 7818
 7852 7879 7950 7982 8033 8078 8097 8271 8399 8401 8924 9069]"
Rhombencephalon,rGad1b_Cluster_1,"[ 9995 10235 10257 11021 11052 11439 11856 11899 11991 12074 12100 12278
 12366 12377 12383 12408 12470 12626 12711 13227 13397 13462 13920 14014]"
Rhombencephalon,rGad1b_Cluster_13,"[ 6090  6260  6286  6544  6874  6949  7104  7228  7588  7619  7649  7686
  7821  7980  8086  8167  8341  8683  8800  8931  8967  8981  9092  9134
  9214  9334  9362  9378  9440  9449  9482  9501  9594  9700  9891 10252
 10398 10446 10472 10526 10625 10999 11352 11379 11437 11564 11577 11583
 11598 12069 12138 12334]"
Rhombencephalon,rGad1b_Cluster_14,"[12717 12833 12883 12891 13085 13090 13216 13309 13402 13416 13455 13583
 13622 13629 13663 13707 13847 13970 14069 14072 14199 14559 14606 14614]"
Rhombencephalon,rGad1b_Cluster_16,"[ 4634  5096  5123  5451  5559  5821  5966  5968  6001  6014  6134  6188
  6350  6665  6735  6739  6755  6973  6987  7056  7057  7131  7414  7431
  7451  7800  7883  7959  7971  7998  8065  8106  8152  8162  8180  8439
  8462  8596  8720  8734  8767  8806  8938  8969  8994  9120  9182  9201
  9202  9662  9669  9721  9796  9830 10055 10077 10288 10543 10656 10899
 11057 11286 11415]"
Rhombencephalon,rGad1b_Cluster_2,"[ 2583  2587  3082  3128  3364  3554  3708  3722  4006  4055  4090  4200
  4296  4325  4438  4676  4685  4800  4913  4953  5074  5247  5354  5601
  5820  5834  5849  5884  5895  5908  5951  6081  6314  6379  6427  6533
  6664  6734  6776  6818  6925  7005  7141  7198  7404  7465  7575  7609
  7694  7836  7843  7943  8019  8032  8270  8313  8369  8371  8400  8455
  8566  8613  8690  8717  8766  8815  8829  8884  8896  8917  8952  9030
  9062  9095  9137  9287  9291  9328  9335  9417  9654  9886  9940  9946
  9968  9978 10058 10072 10198 10200 10389 10482 10511 10555 10628 10653
 10832 10895 11118 11163 11249 11340 11428 11758 11786 12338]"
Rhombencephalon,rGad1b_Cluster_3,"[  14   27   35   51   86  103  175  182  284  472  542  553  568  631
  679  698  706  758  930 1034 1089 1197 1643 1665 2187 2727]"
Rhombencephalon,rGad1b_Cluster_4,"[ 9679  9834  9851 10149 10510 10717 10723 10728 10963 10991 11157 11199
 11220 11620 11829 11880 11954 12052 12294 12432 12560 12607 12672 12828
 12836 12886 13007 13120 13301 13448 13449 13463 13912 13968 14281 14576]"
Rhombencephalon,rGad1b_Stripe_1,"[ 9678  9769 10361 11261 11743 11757 11805 11930 12076 12118 12134 12276
 12388 12429 12602 12622 12646 12673 12697 12704 12725 12808 12848 12866
 12898 12911 12951 12983 13017 13042 13080 13105 13114 13126 13163 13193
 13268 13319 13330 13354 13418 13432 13444 13447 13486 13493 13494 13512
 13531 13596 13607 13675 13687 13688 13698 13715 13727 13750 13753 13768
 13798 13831 13833 13865 13899 13919 14059 14074 14169 14184 14207 14247
 14261 14273 14280 14309 14368 14376 14407 14409 14420 14423 14429 14431
 14463 14466 14472 14493 14532 14555 14566 14569 14589 14619 14633 14634
 14642 14690 14808 14837 14866 14875 14878 14882 14899 14904 14926 14928
 14944 14974 14978 14992 15048 15072 15073 15126 15136 15145 15147 15159
 15193 15196 15219 15227 15270 15276 15299 15305 15313 15327 15328 15336
 15348 15357 15386 15398 15399 15404 15421 15449 15451 15474 15492 15504
 15517 15539 15553 15559 15620 15632 15635 15638 15662 15681 15689 15712
 15720 15738 15761 15778 15787 15789 15807 15810 15820 15823 15825 15829
 15832 15852 15860 15862 15864 15865 15876 15897 15906 15928 15944 15948
 15950 15979 15987 15991 16003 16005 16006 16011 16048 16051 16089 16095
 16097 16118 16144 16189 16218 16222 16237 16270 16303 16308 16315 16317
 16331 16333 16342 16348 16364 16367 16377 16383 16392 16403 16413 16418
 16422 16429 16434 16472 16478 16487 16501 16517 16537 16544 16555 16582
 16593 16594 16611 16621 16631 16634 16654 16665 16666 16684 16725 16735
 16738 16750 16768 16794 16824 16832 16852 16854 16860 16870 16874 16921
 16945 16951 16954 16961 16978 17016 17076 17082 17100 17114 17122 17133
 17155 17174 17187 17233 17234 17235]"
Rhombencephalon,rGad1b_Stripe_2,"[ 8653  8711  8835  9038  9079  9149  9187  9356  9494  9537  9704  9715
  9723  9724  9782  9916 10016 10048 10066 10145 10259 10385 10449 10474
 10485 10563 10768 10802 10822 10871 10916 10950 11074 11158 11169 11320
 11367 11536 11658 11827 11836 12007 12014 12114 12170 12218 12326 12387
 12423 12639 12641 12702 12731 12740 12906 13112 13361 13384 13445 13757
 13841 14084 14103 14128 14294 14458 14512 14612 14736 14763 14842 14908
 14912 14930 14931 14964 14972 15008 15034 15148 15166 15188 15223 15243
 15461 15495 15652 15673 15680 15715 15759 15762 15799 15847 16140 16150
 16233 16234]"
Rhombencephalon,rGad1b_Stripe_3,"[ 5167  5328  5468  5582  5681  5808  5848  5863  5982  6004  6042  6089
  6209  6214  6237  6296  6391  6402  6436  6688  6777  6784  6785  6866
  6979  7001  7021  7023  7093  7235  7241  7416  7437  7456  7481  7511
  7565  7757  7766  7802  7844  7986  8006  8060  8244  8249  8357  8388
  8497  8508  8524  8527  8531  8532  8582  8610  8669  8764  8825  8855
  8920  8977  8992  9002  9032  9175  9276  9280  9319  9429  9524  9620
  9655  9689  9733  9775  9778  9812  9898  9939  9945  9989  9991 10026
 10089 10101 10244 10309 10310 10311 10370 10478 10500 10646 10680 10732
 10759 10765 10771 10785 10800 10812 10836 10865 10939 10974 10993 11001
 11005 11016 11017 11039 11059 11170 11173 11190 11260 11294 11324 11342
 11420 11455 11492 11508 11525 11561 11613 11625 11631 11646 11648 11677
 11682 11721 11749 11755 11759 11839 11852 11892 11922 11981 11989 12013
 12024 12049 12089 12091 12098 12200 12228 12248 12251 12325 12353 12386
 12390 12430 12437 12448 12476 12488 12518 12551 12561 12564 12598 12606
 12652 12655 12676 12681 12690 12755 12797 12811 12858 12894 12907 12919
 12988 12993 13047 13058 13171 13181 13189 13194 13234 13235 13271 13287
 13345 13358 13400 13608 13620 13719 13783 13808 13835 13842 13856 13938
 13964 14031 14047 14096 14145 14238 14259 14298 14365 14396 14421 14447
 14451 14470 14499 14541 14547 14675 14686 14754 14783 14886 14924 14950
 15167 15184 15254 15429 15457 15643 15721 15724 15747 15939 16061 16071
 16115 16127 16310 16514]"
Rhombencephalon,rInferior_Olive,"[4162 4410 4465 4510 4558 4572 4592 4597 4614 4662 4682 4873 5209 5268
 5278 5312 5353 5359 5360 5777 5810 5857 5972 5996 6013 6029 6112 6124
 6126 6161 6174 6248 6861 7185 7239 7358]"
Rhombencephalon,rInterpeduncular_Nucleus,[ 86 112 182]
Rhombencephalon,rIsl1_Cluster_2,[]
Rhombencephalon,rLateral_Reticular_Nucleus,[ 8420  9066  9119 10360]
Rhombencephalon,rLobus_caudalis_cerebelli,"[15615 15659 15691 15765 15822 15915 16020 16047 16093 16175 16347 16445
 16486 16734 16736 16754 16829]"
Rhombencephalon,rLocus_Coreuleus,"[1872 2170 2478 2525 2874 3133 3194 3231 3372 3711 3719 3727 3932 4129
 4264 4691 4733 4897 4948 4978 5020 5091 5164 5304 5456 5709 5945 6012
 6231 6396 7164]"
Rhombencephalon,rMedial_Vestibular_Nucleus,"[ 5082  6040  6183  6967  7102  7251  7255  7402  7775  7865  8165  8303
  8343  8442  8452  9371  9470  9574  9575  9632  9765 10094 10228 10349
 10436 10533 10621 10673 10956 10966 10992 11154 11318 11347]"
Rhombencephalon,rNeuropil_Region_2,"[10489 10807 10871 11189 11197 11198 11343 11423 11500 11529 11542 11553
 11614 11633 11641 12044 12068 12094 12159 12196 12223 12256 12322 12433
 12545 12569 12600 12610 12613 12694 12786 12788 12882 12938 12975 12978
 12979 13015 13028 13051 13056 13078 13095 13113 13132 13141 13157 13187
 13236 13247 13299 13418 13422 13430 13522 13534 13579 13641 13666 13668
 13681 13717 13729 13747 13831 13866 13872 13922 13940 13945 13998 14101
 14127 14165 14188 14191 14283 14323 14337 14587 14595 14596 14597 14646
 14704 14789 14814 14816 14841 15060 15153 15199 15209 15296 15307 15347
 15475 15534 15558]"
Rhombencephalon,rNeuropil_Region_3,"[ 4649  4702  5133  5145  5205  5384  5391  5401  5407  5422  5490  5546
  5720  5769  5790  5809  5857  6025  6037  6040  6078  6146  6165  6171
  6182  6183  6234  6308  6317  6319  6333  6635  6682  6780  6887  6904
  6950  6963  7022  7031  7051  7092  7117  7161  7182  7185  7190  7227
  7243  7255  7262  7277  7280  7283  7295  7300  7326  7328  7332  7376
  7380  7387  7396  7538  7596  7684  8039  8044  8157  8224  8241  8262
  8275  8279  8291  8309  8317  8358  8363  8373  8377  8384  8398  8417
  8421  8444  8490  8521  8688  8732  8752  8811  8951  8953  8964  9068
  9086  9105  9126  9193  9251  9282  9312  9327  9340  9389  9403  9422
  9443  9455  9463  9508  9528  9540  9542  9555  9564  9579  9589  9607
  9613  9619  9639  9658  9729  9735  9789  9803  9828  9934 10043 10045
 10054 10131 10156 10166 10174 10180 10202 10220 10291 10313 10340 10354
 10402 10412 10423 10441 10546 10589 10669 10692 10946 11032 11166 11191
 11198 11206 11247 11251 11334 11364 11375 11491 11557 11630 12156 12178
 12356 12420 12431 13131]"
Rhombencephalon,rNeuropil_Region_4,"[ 4433  4488  4491  4613  4771  4941  5393  5482  5641  6226  6421  6542
  6698  6759  6999  7223  7247  7250  7330  7334  7544  7598  7619  7633
  7759  7821  7857  7861  7879  7914  7918  7982  7990  8072  8092  8100
  8116  8119  8141  8167  8196  8239  8306  8316  8394  8408  8488  8496
  8501  8585  8683  8724  8800  8827  8876  8931  8936  8946  8967  8973
  8980  8981  9071  9072  9088  9114  9134  9208  9214  9272  9275  9295
  9305  9307  9334  9378  9440  9449  9482  9501  9561  9568  9576  9587
  9594  9629  9666  9686  9700  9738  9766  9853  9949 10069 10071 10222
 10279 10296 10317 10333 10397 10398 10410 10446 10472 10513 10524 10574
 10625 10627 10670 10763 10774 10817 10846 11031 11130 11174 11185 11195
 11228 11232 11236 11296 11333 11387 11401 11416 11456 11459 11512 11534
 11596 11609 11642 11678 11689 11715 11912 11938 11947 11976 12069 12083
 12123 12139 12185 12192 12277 12307 12334 12346 12351 12361 12441 12455
 12480 12511 12532 12554 12601 12616 12722 12775 12787 12863 12891 12912
 12961 13069 13102 13107 13180 13208 13213 13214 13231 13295 13306 13335
 13389 13452 13496 13567 13598 13710 13723 13799 13822 13876 13880 13931
 13944 13966 13970 14065 14068 14072 14110 14114 14119 14173 14217 14268
 14299 14328 14388 14415 14436 14527 14554 14574 14577 14874 14911 14973
 15028 15088 15230 15350 15422 15484 15500 15811 15877]"
Rhombencephalon,rNeuropil_Region_5,"[  14   21   23   36   51   73  155  168  175  180  209  213  220  225
  232  236  238  251  258  259  265  274  276  280  286  287  294  300
  301  306  310  317  329  332  336  340  352  355  369  384  435  437
  445  484  535  547  553  577  615  625  629  632  656  658  662  679
  690  692  695  696  709  721  723  735  737  739  741  743  747  752
  753  756  757  766  767  774  775  776  792  794  795  804  812  818
  827  828  839  846  892  953  979  996 1061 1092 1100 1108 1118 1119
 1123 1133 1147 1150 1152 1159 1160 1163 1174 1182 1188 1189 1193 1199
 1211 1224 1239 1247 1252 1259 1265 1270 1276 1277 1284 1285 1289 1291
 1299 1301 1302 1304 1340 1342 1355 1357 1364 1365 1376 1380 1382 1428
 1437 1454 1478 1484 1510 1530 1534 1540 1567 1589 1603 1636 1659 1664
 1672 1686 1689 1709 1722 1726 1728 1730 1731 1732 1738 1743 1745 1746
 1749 1755 1759 1761 1762 1763 1770 1771 1774 1782 1783 1784 1790 1798
 1803 1811 1819 1843 1858 1861 1863 1868 1872 1892 1895 1902 1907 1931
 1934 1943 1946 1950 1959 1961 1962 1977 1988 1999 2000 2004 2015 2019
 2027 2028 2043 2051 2054 2081 2085 2121 2126 2138 2162 2164 2170 2184
 2192 2195 2206 2211 2214 2219 2241 2246 2252 2254 2273 2297 2307 2315
 2328 2341 2343 2355 2356 2371 2385 2388 2393 2401 2419 2423 2431 2441
 2451 2453 2460 2461 2473 2477 2478 2482 2485 2495 2497 2512 2518 2521
 2525 2531 2538 2550 2551 2574 2591 2593 2595 2603 2607 2610 2611 2613
 2614 2617 2635 2641 2643 2644 2655 2669 2690 2693 2698 2710 2716 2720
 2738 2749 2752 2757 2758 2759 2786 2789 2805 2807 2821 2826 2854 2861
 2885 2887 2896 2909 2921 2923 2931 2936 2938 2947 2949 2951 2961 2965
 2987 2988 3001 3010 3013 3015 3026 3030 3035 3038 3046 3052 3067 3076
 3080 3092 3097 3110 3112 3119 3142 3143 3149 3151 3162 3172 3174 3183
 3193 3198 3206 3208 3211 3217 3218 3219 3230 3233 3236 3310 3331 3350
 3353 3376 3394 3406 3423 3424 3429 3437 3438 3463 3467 3471 3485 3486
 3505 3514 3525 3530 3608 3612 3614 3615 3617 3635 3640 3648 3698 3720
 3724 3742 3748 3752 3769 3775 3788 3804 3810 3814 3817 3828 3830 3834
 3840 3844 3849 3854 3855 3858 3860 3862 3864 3869 3874 3884 3888 3900
 3902 3914 3920 3928 3977 3982 3983 3984 3989 3998 4044 4114 4116 4132
 4159 4168 4187 4262 4288 4320 4338 4370 4381 4391 4397 4405 4413 4418
 4436 4445 4453 4461 4462 4470 4479 4480 4483 4490 4497 4502 4509 4510
 4516 4518 4523 4535 4541 4546 4549 4554 4559 4561 4580 4583 4584 4588
 4590 4598 4620 4627 4642 4647 4671 4675 4689 4694 4824 4836 4896 4906
 4918 5005 5043 5082 5128 5142 5166 5219 5261 5273 5281 5300 5302 5303
 5309 5320 5321 5326 5328 5329 5333 5337 5343 5348 5350 5361 5369 5370
 5382 5383 5386 5406 5411 5416 5423 5425 5432 5445 5501 5692 6055 6102
 6156 6184 6210 6213 6243 6253 6277 6295 6316 6329]"
Rhombencephalon,rNeuropil_Region_6,"[ 433  527  620  668  676  955 1005 1043 1049 1065 1091 1176 1213 1234
 1324 1348 1361 1390 1400 1463 1511 1533 1626 1714 1813 1833 1836 1891
 2005 2010 2049 2086 2191 2258 2286 2398 2415 2563 2583 2587 2794 3004
 3179 3477 3771 3910 3912 4191 5450]"
Rhombencephalon,rNoradrendergic_neurons_of_the_Interfascicular_and_Vagal_areas,[12398 12512 12523 12643 12880 12931 13828 14067]
Rhombencephalon,rOculomotor_Nucleus_nIV,"[ 1582  2161  2166  2559  2926  3039  3135  4051  5723  5734  6064  6409
  6528  6740  6787  6802  7139  7432  7929  7949  7955  8075  8301  8334
  8763  8879  8943  9107  9284  9294  9816  9965 10085 10144 10429 10988
 11015 11114 11134]"
Rhombencephalon,rRaphe___Inferior,"[1121 1677 1958 2321 2786 3013 3162 3486 3541 3604 3754 3872 3984 4189
 4304 4462 4518 4594 4797 4951 5152 5224 5365]"
Rhombencephalon,rRaphe___Superior,"[  14   21   24   35   36   37   50   66   97  103  115  149  175  284
  330  395  397  437  445  472  484  496  507  542  568  698  706  774
  786  879  894  930  935 1034 1089 1246 1273 1391 1415 1460 1520 1525
 1555 1611 1643 1665 1714 1720 1844 1849 1948 1974 2024 2083 2136 2187
 2226 2277 2344 2517 2599 2601 2703 2704 2727 2755 2782 2944 3571 3889
 4181 4351 4630 4727 4914 4972 5092 5318 5430 6036 7213]"
Rhombencephalon,rRhombomere_1,[   14    21    27 ... 17062 17091 17101]
Rhombencephalon,rRhombomere_2,"[   24    37   115   149   180   213   220   234   235   257   300   301
   303   317   329   341   352   397   414   426   535   629   636   644
   653   658   659   757   762   767   896   912   938   953   980  1025
  1061  1067  1092  1100  1147  1177  1183  1189  1193  1299  1422  1503
  1534  1546  1567  1626  1631  1649  1663  1664  1709  1732  1759  1812
  1827  1844  1865  1907  1940  2049  2055  2104  2121  2126  2136  2195
  2256  2282  2319  2327  2355  2362  2393  2415  2423  2439  2467  2478
  2485  2497  2514  2536  2585  2593  2594  2598  2669  2749  2757  2795
  2896  2923  2931  2965  3014  3025  3047  3073  3086  3090  3119  3168
  3179  3194  3205  3298  3394  3418  3527  3550  3588  3600  3605  3636
  3654  3665  3669  3689  3697  3698  3713  3715  3716  3758  3769  3771
  3791  3806  3822  3824  3833  3844  3855  3864  3874  3907  3926  3962
  3986  4170  4175  4278  4292  4312  4315  4335  4338  4412  4433  4488
  4491  4526  4560  4590  4613  4616  4632  4634  4636  4746  4771  4805
  4833  4941  4967  5001  5090  5096  5123  5151  5281  5317  5393  5451
  5453  5463  5470  5482  5502  5559  5627  5641  5654  5771  5821  5872
  5887  5896  5944  5966  5968  6001  6014  6070  6105  6121  6134  6154
  6156  6158  6179  6181  6238  6277  6316  6350  6355  6404  6417  6421
  6445  6459  6509  6513  6542  6567  6625  6657  6665  6669  6698  6716
  6739  6755  6759  6791  6827  6844  6987  6994  7037  7055  7056  7069
  7131  7160  7173  7223  7250  7257  7330  7334  7341  7356  7397  7410
  7414  7431  7451  7469  7544  7545  7560  7569  7595  7661  7677  7728
  7776  7800  7879  7898  7918  7922  7956  7959  7971  7982  7990  7991
  7998  8047  8059  8065  8072  8076  8100  8106  8116  8119  8125  8131
  8136  8139  8152  8180  8274  8333  8394  8408  8439  8462  8475  8478
  8522  8577  8585  8592  8596  8651  8720  8724  8734  8772  8792  8804
  8806  8809  8827  8840  8876  8894  8902  8911  8938  8944  8969  8980
  8994  9007  9008  9012  9072  9088  9114  9182  9201  9202  9246  9257
  9272  9318  9413  9426  9441  9481  9629  9636  9637  9662  9678  9679
  9686  9693  9721  9734  9738  9769  9796  9800  9814  9823  9830  9834
  9842  9851  9853  9904  9938  9951 10007 10013 10057 10069 10077 10093
 10149 10168 10170 10225 10288 10304 10333 10364 10383 10433 10505 10510
 10519 10543 10574 10656 10678 10715 10717 10721 10723 10728 10769 10777
 10798 10810 10811 10829 10841 10844 10862 10863 10885 10893 10899 10906
 10917 10930 10935 10943 10963 10991 10997 11027 11093 11107 11113 11122
 11143 11157 11167 11172 11176 11181 11194 11199 11220 11272 11286 11293
 11365 11393 11415 11418 11464 11472 11498 11499 11506 11515 11619 11620
 11632 11639 11647 11650 11653 11662 11663 11680 11681 11683 11692 11693
 11697 11698 11699 11700 11705 11718 11720 11728 11736 11754 11757 11763
 11765 11767 11768 11781 11782 11788 11797 11801 11805 11807 11829 11849
 11854 11862 11868 11879 11880 11887 11889 11913 11925 11929 11935 11948
 11954 11957 11967 11991 12030 12031 12035 12036 12052 12067 12076 12077
 12078 12092 12095 12120 12130 12134 12160 12180 12193 12204 12216 12217
 12224 12230 12240 12269 12274 12294 12306 12360 12367 12373 12374 12432
 12454 12495 12501 12506 12526 12531 12540 12555 12556 12559 12560 12565
 12566 12588 12594 12602 12607 12608 12621 12624 12628 12638 12645 12650
 12668 12672 12673 12684 12686 12689 12691 12697 12703 12708 12709 12716
 12737 12759 12763 12766 12773 12779 12783 12784 12793 12796 12800 12809
 12828 12836 12853 12866 12868 12869 12870 12871 12875 12886 12888 12892
 12899 12915 12933 12940 12942 12947 12949 12965 12980 12987 12990 13007
 13017 13031 13046 13050 13063 13071 13074 13076 13080 13105 13110 13111
 13118 13120 13139 13154 13156 13193 13199 13275 13290 13297 13301 13305
 13314 13317 13318 13331 13337 13341 13348 13350 13354 13355 13362 13363
 13366 13370 13377 13379 13380 13390 13403 13406 13412 13417 13432 13443
 13446 13448 13449 13454 13456 13459 13463 13469 13474 13480 13481 13493
 13499 13512 13513 13515 13521 13527 13531 13551 13554 13556 13557 13558
 13565 13572 13573 13577 13581 13602 13624 13625 13636 13637 13643 13661
 13664 13671 13674 13675 13690 13698 13704 13705 13724 13726 13727 13732
 13737 13738 13751 13775 13778 13813 13826 13836 13840 13843 13855 13868
 13874 13879 13889 13891 13896 13907 13910 13912 13927 13933 13961 13968
 13971 13980 13996 14031 14032 14040 14045 14057 14058 14059 14116 14133
 14134 14140 14163 14176 14181 14186 14192 14200 14206 14210 14216 14219
 14221 14227 14236 14245 14246 14256 14261 14263 14278 14280 14281 14285
 14289 14304 14317 14320 14332 14343 14364 14371 14378 14380 14383 14405
 14425 14427 14443 14453 14460 14465 14480 14485 14490 14495 14505 14515
 14521 14525 14544 14550 14552 14555 14576 14579 14583 14604 14616 14618
 14648 14656 14659 14664 14687 14707 14722 14732 14738 14770 14785 14798
 14808 14849 14854 14856 14876 14884 14903 14906 14909 14915 14922 14938
 14953 14965 14969 14978 14984 14990 14994 15006 15038 15053 15064 15084
 15092 15096 15112 15132 15133 15157 15160 15164 15168 15206 15217 15220
 15236 15262 15264 15266 15280 15284 15326 15332 15352 15358 15360 15377
 15392 15417 15437 15443 15489 15508 15523 15536 15537 15551 15552 15554
 15556 15564 15580 15613 15647 15693 15735 15743 15797 15813 15822 15828
 15840 15853 15905 15929 15934 15936 15942 15943 15993 16049 16082 16087
 16122 16250 16258 16263 16264 16283 16330 16373 16485 16562 16629 16746]"
Rhombencephalon,rRhombomere_3,"[   23   171   236   274   294   399   577   615   696   719   721   747
   753   792   827   909   996  1085  1108  1112  1121  1150  1163  1199
  1241  1255  1265  1349  1380  1428  1514  1529  1551  1589  1596  1603
  1618  1688  1693  1722  1744  1780  1820  1961  1999  2085  2096  2206
  2208  2219  2220  2246  2260  2330  2453  2458  2461  2482  2521  2613
  2690  2724  2785  2801  2854  2879  2908  2924  2950  2995  3029  3058
  3070  3076  3097  3100  3129  3146  3149  3318  3485  3589  3635  3640
  3642  3717  3724  3735  3761  3762  3768  3777  3785  3809  3810  3820
  3829  3840  3843  3895  3902  4268  4298  4360  4413  4417  4449  4474
  4523  4533  4556  4559  4566  4574  4813  4959  4995  4996  5034  5217
  5250  5261  5299  5306  5370  5382  5386  5390  5392  5397  5987  6055
  6210  6226  6240  6340  6344  6893  6936  7066  7109  7247  7272  7382
  7831  7857  7861  7914  8070  8141  8451  8453  8496  8531  8610  8681
  8723  8749  8893  8973  8977  8982  8989  9185  9208  9245  9249  9408
  9444  9460  9488  9534  9866 10151 10196 10244 10271 10279 10299 10361
 10374 10408 10524 10929 11031 11174 11233 11261 11387 11401 11453 11479
 11530 11687 11743 11795 11889 11930 12123 12163 12306 12603 12622 12624
 12725 12728 12844 13069 13105 13114 13163 13395 13488 13506 13550 13569
 13698 13702 13737 13799 13821 13863 13923 13957 14134 14153 14157 14163
 14255 14261 14262 14271 14278 14302 14348 14459 14521 14543 14580 14594
 14600 14624 14678 14725 14783 14813 14817 14888 14894 14948 14957 14967
 14988 14999 15009 15011 15050 15051 15101 15116 15118 15242 15268 15271
 15299 15325 15408 15460 15489 15701 15745 15756 15833 15953 15974 15976
 15984 16235]"
Rhombencephalon,rRhombomere_4,"[  155   225   258   287   306   310   369   660   690   692   724   737
   794  1119  1148  1152  1182  1211  1252  1257  1340  1354  1357  1510
  1634  1726  1761  1762  1770  1774  1783  1794  1814  1823  1892  1957
  1958  1962  2019  2043  2081  2138  2164  2241  2307  2341  2343  2350
  2373  2518  2522  2531  2551  2575  2578  2607  2614  2720  2789  2797
  2849  2859  2909  2922  2934  2962  2974  3001  3023  3026  3027  3033
  3045  3052  3078  3085  3110  3172  3181  3185  3193  3203  3218  3284
  3423  3424  3505  3525  3595  3617  3648  3680  3718  3729  3742  3804
  3805  3817  3830  3836  3849  3854  3888  3900  3936  4397  4408  4419
  4445  4470  4509  4516  4532  4535  4539  4554  4569  4582  4583  4611
  5012  5043  5149  5233  5254  5262  5273  5302  5303  5309  5320  5326
  5333  5345  5383  5404  5444  5501  6046  6102  6141  6184  6243  6304
  6305  6311  6331  6437  6457  6764  6903  6933  7006  7009  7017  7079
  7096  7235  7258  7288  7314  7317  7335  7531  7568  7759  7827  8010
  8143  8166  8196  8212  8239  8249  8282  8316  8374  8488  8497  8693
  8742  8936  8946  9015  9071  9121  9129  9199  9206  9273  9277  9299
  9382  9387  9527  9535  9561  9766  9822  9829  9966 10052 10158 10176
 10352 10425 10439 10447 10465 10504 10627 10704 10846 10898 10949 10965
 10986 11033 11222 11376 11406 11456 11669 11816 11825 12268 12276 12348
 12429 12488 12520 12637 12679 13010 13215 13234]"
Rhombencephalon,rRhombomere_5,"[  232   238   281   625   756   766   846   979  1174  1224  1303  1540
  1689  1690  1738  1782  1860  1902  1912  2252  2273  2297  2414  2431
  2512  2530  2538  2542  2610  2643  2807  2927  2938  2945  2951  3051
  3083  3106  3109  3140  3142  3198  3206  3331  3440  3463  3500  3539
  3541  3543  3559  3578  3664  3705  3709  3752  3754  3759  3767  3790
  3828  3858  3872  3884  3982  4053  4068  4184  4197  4304  4329  4376
  4388  4479  4480  4483  4485  4490  4494  4497  4521  4549  4584  4594
  4628  4646  4665  4670  4688  4762  4828  4830  4929  5010  5039  5082
  5094  5148  5200  5203  5207  5221  5283  5295  5300  5329  5343  5348
  5369  5374  5402  5406  5411  5423  5445  5488  5561  5599  5671  5676
  5679  5836  5871  5926  6034  6040  6090  6142  6183  6198  6213  6245
  6276  6280  6282  6317  6319  6403  6526  6531  6544  6642  6643  6662
  6710  6725  6907  6913  6967  7018  7051  7068  7093  7095  7102  7128
  7133  7134  7147  7251  7255  7264  7296  7310  7359  7378  7402  7603
  7619  7646  7668  7775  7795  7865  7942  7980  8083  8165  8167  8181
  8200  8203  8233  8243  8254  8260  8303  8306  8315  8343  8412  8413
  8424  8442  8452  8578  8716  8796  8800  8843  8904  8967  9175  9231
  9275  9295  9297  9305  9371  9375  9414  9429  9466  9470  9543  9568
  9571  9576  9632  9717  9790  9939 10026 10071 10101 10155 10190 10253
 10287 10296 10300 10317 10349 10370 10410 10436 10459 10476 10493 10523
 10533 10569 10588 10774 10787 10913 10956 10966 10994 11004 11185 11241
 11318 11333 11347 11420 11459 11480 11492 11508 11513 11534 11549 11625
 11642 11667 11671 11747 11894 11912 11938 11955 11981 12038 12058 12091
 12098 12207 12244 12299 12303 12325 12344 12401 12455 12471 12503 12561
 12609 12678 12681 12753 12832 12898 12998 13042 13083 13171 13608 13783]"
Rhombencephalon,rRhombomere_6,"[  271   283   331   419   695   743   781   796   814   860  1094  1159
  1164  1188  1192  1240  1259  1289  1291  1364  1365  1376  1530  1636
  1686  1707  1715  1728  1743  1755  1763  1769  1784  1803  1861  2000
  2028  2051  2117  2192  2254  2356  2388  2401  2406  2451  2492  2612
  2621  2676  2693  2726  2738  2758  2920  2936  2961  3008  3010  3015
  3016  3038  3080  3087  3102  3162  3174  3212  3219  3281  3291  3353
  3376  3429  3467  3514  3515  3569  3575  3604  3618  3692  3741  3751
  3770  3860  3869  3880  3923  3928  3929  3973  4065  4079  4080  4086
  4114  4186  4189  4262  4310  4320  4328  4352  4370  4393  4439  4456
  4531  4561  4617  4620  4653  4668  4702  4750  4769  4797  4809  4836
  4896  4909  4961  4966  4976  5104  5156  5193  5201  5223  5224  5225
  5228  5232  5246  5258  5274  5286  5340  5350  5368  5373  5378  5391
  5424  5468  5472  5490  5494  5514  5533  5546  5582  5623  5705  5848
  5863  5921  6025  6043  6051  6089  6094  6099  6117  6153  6165  6201
  6239  6252  6260  6278  6286  6291  6292  6318  6335  6402  6436  6466
  6586  6671  6673  6777  6780  6785  6866  6874  6882  6887  6916  6921
  6949  6979  7001  7007  7029  7042  7104  7151  7187  7228  7241  7277
  7283  7289  7300  7326  7328  7331  7380  7387  7456  7565  7588  7649
  7686  7802  7821  7844  7977  8086  8101  8151  8158  8224  8244  8327
  8329  8332  8341  8363  8377  8456  8524  8527  8683  8752  8764  8931
  8951  8981  9134  9145  9155  9214  9276  9327  9334  9362  9391  9395
  9440  9474  9482  9501  9511  9540  9554  9574  9587  9589  9594  9655
  9673  9689  9700  9765  9775  9778  9891  9961  9989 10074 10094 10110
 10228 10302 10341 10391 10398 10422 10446 10472 10478 10479 10503 10513
 10526 10564 10621 10642 10650 10699 10763 10771 10800 10817 10820 10836
 10865 10992 11059 11084 11126 11154 11184 11190 11195 11228 11232 11236
 11290 11296 11298 11333 11383 11416 11471 11543 11583 11588 11609 11642
 11645 11646 11678 11679 11682 11689 11713 11715 11755 11759 11764 11922
 11938 11947 11949 11976 12015 12018 12043 12073 12083 12107 12185 12192
 12200 12248 12251 12277 12307 12331 12334 12346 12351 12352 12361 12441
 12480 12492 12508 12511 12525 12532 12551 12554 12598 12601 12632 12644
 12655 12663 12669 12690 12717 12722 12775 12787 12802 12833 12834 12863
 12883 12891 12900 12912 12938 12961 13006 13008 13085 13090 13099 13102
 13107 13130 13151 13180 13216 13231 13280 13286 13295 13306 13309 13310
 13311 13319 13322 13327 13335 13372 13381 13388 13389 13392 13400 13402
 13416 13429 13452 13455 13460 13496 13555 13567 13583 13598 13601 13614
 13621 13622 13629 13638 13642 13649 13663 13707 13710 13716 13723 13761
 13777 13798 13810 13817 13822 13835 13847 13856 13876 13880 13919 13931
 13944 13960 13966 13970 13988 14033 14043 14065 14068 14069 14072 14075
 14100 14109 14110 14113 14114 14115 14119 14138 14170 14172 14173 14193
 14199 14211 14217 14232 14239 14254 14257 14268 14272 14299 14306 14313
 14315 14318 14328 14352 14370 14381 14388 14391 14402 14415 14418 14424
 14426 14434 14436 14442 14448 14469 14492 14527 14529 14535 14538 14548
 14554 14559 14574 14577 14582 14590 14606 14609 14610 14614 14653 14683
 14685 14695 14697 14700 14728 14750 14776 14797 14817 14836 14844 14845
 14846 14867 14874 14883 14888 14907 14911 14934 14973 14983 14989 15007
 15017 15023 15028 15030 15051 15058 15076 15078 15081 15088 15110 15122
 15123 15128 15136 15150 15178 15191 15200 15207 15213 15230 15233 15242
 15250 15260 15267 15271 15275 15298 15299 15301 15322 15324 15325 15329
 15342 15350 15359 15364 15372 15393 15395 15401 15407 15408 15413 15422
 15431 15433 15434 15454 15460 15469 15477 15484 15485 15500 15506 15539
 15578 15596 15612 15625 15626 15644 15660 15674 15678 15687 15690 15705
 15714 15726 15730 15746 15750 15786 15811 15812 15818 15824 15831 15835
 15856 15869 15875 15877 15890 15894 15911 15913 15925 15951 15955 15970
 15980 15989 15996 15998 15999 16001 16015 16030 16044 16058 16062 16074
 16092 16099 16104 16112 16124 16136 16154 16184 16193 16208 16219 16230
 16260 16264 16355 16387 16432 16449 16459 16464 16470 16536 16539 16564
 16572 16590 16591 16626 16635 16643 16675 16704 16724 16753 16773 16790
 16805 16821 16840 16908 17017 17046 17083]"
Rhombencephalon,rRhombomere_7,[ 1093  1142  1190 ... 17254 17255 17261]
Rhombencephalon,rTangential_Vestibular_Nucleus,"[5599 6198 6245 6642 6643 6907 7147 7296 7310 7378 7588 7799 7980 8167
 8196 8243 8254 8260 8306 8315 8967 9231 9305 9375 9543]"
Rhombencephalon,rVII_Facial_Motor_and_octavolateralis_efferent_neurons,"[ 6335  6777  7007  7289  7456  7977  8158  8244  8327  8329  8332  8524
  9155  9276  9280  9474  9689  9765  9778  9939 10094 10341 10478 10771
 10820 10836 10992 11059 11190 11298 11625 11645 11646 11677 11682 11922
 12200 12248 12325 12551 12598 12655 13171 13835 13856]"
Rhombencephalon,rValvula_Cerebelli,"[12422 12934 13073 13101 13498 13771 13849 13884 13886 13962 14042 14049
 14224 14406 14742 14777 14795 14812 14815 15311 15339 15340 15403 15480
 15941 16009 16161 16167 16259]"
Rhombencephalon,rVentrolateral_population_of_serotonergic_neurons,[]
Rhombencephalon,rVglut2_Stripe_1,"[11814 12511 12537 12539 12554 12833 12837 12852 12883 12931 12954 12984
 13035 13107 13216 13309 13310 13311 13322 13327 13338 13381 13392 13398
 13402 13429 13455 13483 13553 13555 13567 13597 13598 13601 13622 13629
 13638 13642 13649 13699 13707 13716 13728 13761 13810 13817 13850 13877
 13914 13965 14010 14033 14043 14069 14100 14109 14115 14118 14138 14170
 14172 14189 14193 14199 14202 14211 14254 14257 14272 14295 14306 14315
 14318 14328 14352 14370 14375 14381 14391 14404 14418 14424 14434 14446
 14448 14492 14494 14529 14535 14537 14559 14582 14590 14606 14609 14610
 14614 14653 14683 14697 14715 14727 14749 14760 14776 14791 14793 14817
 14823 14836 14838 14846 14877 14883 14888 14889 14907 14932 14934 14983
 14988 14989 15007 15013 15017 15023 15030 15058 15076 15078 15085 15122
 15123 15124 15128 15150 15191 15200 15207 15213 15242 15250 15260 15271
 15275 15298 15322 15324 15325 15329 15342 15364 15372 15393 15395 15401
 15407 15413 15431 15434 15438 15460 15469 15477 15485 15506 15524 15578
 15591 15612 15616 15618 15625 15626 15660 15678 15687 15690 15714 15716
 15725 15726 15727 15730 15746 15756 15786 15812 15818 15824 15826 15831
 15850 15856 15866 15867 15869 15887 15890 15894 15898 15911 15913 15951
 15953 15955 15970 15983 15996 15998 16001 16030 16044 16055 16062 16076
 16099 16105 16107 16112 16120 16124 16136 16145 16154 16184 16196 16203
 16208 16214 16217 16260 16261 16278 16283 16284 16285 16292 16335 16339
 16353 16356 16375 16387 16389 16394 16424 16426 16432 16446 16449 16451
 16455 16456 16459 16462 16464 16466 16468 16470 16482 16496 16500 16519
 16521 16534 16536 16539 16541 16558 16570 16585 16590 16591 16608 16635
 16643 16659 16670 16672 16678 16680 16686 16689 16715 16753 16775 16784
 16805 16811 16821 16822 16840 16845 16850 16853 16855 16873 16883 16884
 16886 16887 16896 16901 16905 16907 16908 16925 16931 16942 16943 16947
 16949 16953 16955 16965 16981 16986 16987 16991 17011 17012 17028 17030
 17031 17036 17048 17049 17057 17070 17081 17085 17105 17107 17120 17123
 17131 17132 17144 17149 17167 17176 17179 17186 17223 17225 17236 17240
 17243 17253 17259]"
Rhombencephalon,rVglut2_Stripe_2,"[11674 12118 12388 12951 13564 14222 14275 14409 14466 15059 15147 15155
 15162 15237 15439 15517 15649 15652 15654 15677 15732 15795 15868 15896
 16067 16243 16270 16365 16372 16382 16400 16522 16527 16548 16565 16600
 16658 16673 16693 16748 16904 16913 16957 16984 17020 17034 17087]"
Rhombencephalon,rVglut2_Stripe_3,"[ 9027  9650  9935 10280 10619 10784 10916 10986 11065 11074 11158 11221
 11222 11406 11470 11652 11660 11816 11915 11979 12033 12037 12104 12171
 12172 12218 12288 12332 12615 12653 12656 12664 12679 12759 12829 12896
 12899 12999 13006 13053 13196 13215 13240 13245 13265 13272 13277 13281
 13313 13446 13495 13548 13650 13737 13749 13755 13757 13874 13928 13929
 13955 14024 14086 14106 14128 14149 14233 14241 14260 14307 14341 14356
 14384 14437 14553 14557 14586 14631 14645 14706 14954 15019 15047 15111
 15143 15169 15259 15273 15285 15335 15494 15495 15651 15784 15846 15949
 15956 15992 16081 16115]"
Rhombencephalon,rVglut2_Stripe_4,"[ 4116  4132  4159  4381  4391  4546  4642  4647  4686  4694  4918  5005
  5166  5167  5219  5460  5475  5480  5574  5660  5681  5808  5913  6042
  6209  6214  6228  6237  6296  6310  6348  6391  6402  6688  6715  6784
  7001  7021  7023  7146  7225  7344  7416  7437  7471  7481  7511  7516
  7579  7674  7757  7758  7766  7772  7802  7844  7986  8006  8025  8060
  8120  8137  8168  8205  8357  8388  8492  8508  8509  8527  8532  8571
  8582  8669  8687  8759  8787  8825  8830  8855  8914  8920  8956  8992
  9002  9028  9032  9091  9143  9252  9276  9319  9493  9496  9524  9533
  9620  9655  9663  9733  9775  9778  9812  9896  9898  9937  9945  9989
  9991 10089 10234 10255 10309 10310 10311 10343 10435 10448 10478 10500
 10547 10624 10646 10680 10732 10759 10762 10765 10785 10800 10812 10939
 10974 10993 11001 11005 11016 11017 11039 11136 11170 11173 11260 11294
 11324 11342 11455 11525 11613 11648 11721 11749 11755 11759 11774 11839
 11989 12013 12024 12089 12091 12098 12248 12251 12325 12353 12386 12390
 12430 12437 12448 12476 12488 12546 12551 12564 12598 12606 12652 12655
 12676 12681 12907 12988 12993 13171 13189 13194 13235 13271 13358 13400
 13620 13835 13856 13964 14031 14096 14145 14365 14396 14447 14548 14675
 15222 15380 15429 15457]"
Rhombencephalon,rVglut2_cluster_1,"[ 3636  3771  3962  4278  4312  4412  5453  5627  6669  6686  7382  7776
  7922  8333  8809  9007  9413  9426  9481  9979 10170 10630 11143 11172
 11991 12160 12374]"
Rhombencephalon,rVglut2_cluster_2,"[10715 11365 11418 11472 11693 11698 11699 11705 11720 11795 11854 11889
 11935 12123 12163 12230 12526 12594 12603 12621 12624 12645 12650 12668
 12709 12716 12766 12783 12800 12844 12933 12980 12987 12990 13046 13050
 13110 13275 13297 13317 13318 13341 13362 13363 13366 13370 13377 13380
 13390 13395 13403 13406 13417 13454 13459 13474 13480 13481 13488 13499
 13515 13550 13551 13565 13569 13577 13637 13661 13664 13674 13690 13705
 13726 13778 13813 13821 13836 13840 13863 13879 13891 13896 13910 13923
 13933 13961 13971 13980 14032 14116 14133 14152 14153 14163 14176 14181
 14192 14200 14206 14210 14219 14221 14227 14255 14256 14271 14278 14289
 14304 14317 14320 14329 14343 14348 14364 14371 14380 14405 14425 14427
 14443 14459 14465 14490 14495 14515 14521 14543 14544 14550 14579 14583
 14618 14624 14648 14656 14664 14687 14722 14725 14732 14798 14813 14854
 14856 14876 14906 14909 14922 14938 14953 14965 14990 15006 15011 15053
 15064 15084 15092 15101 15112 15118 15132 15160 15178 15217 15236 15266
 15267 15268 15280 15326 15332 15377 15392 15417 15443 15489 15508 15537
 15551 15552 15613 15840 15905 15943 16263]"
Rhombencephalon,rVmat2_Cluster_5,"[ 6331  6531  6662  6725  7128  7133  7235  7314  8203  8249  8413  8716
  8796  8843  9175  9297  9429  9790  9939 10026 10101 10370 10476 10493
 10865 10994 11420 11492 11508 11549 11625 11677 11682 11981 11989 12089
 12091 12098 12248 12251 12299 12325 12551 12598 12655 12681 13835]"
Rhombencephalon,rVmat2_Stripe1,"[10744 11197 11368 11599 11950 12047 12118 12127 12298 12388 12398 12469
 12485 12512 12523 12539 12553 12643 12671 12693 12769 12805 12808 12837
 12852 12880 12900 12911 12931 12984 13187 13268 13304 13398 13418 13442
 13444 13457 13486 13607 13621 13640 13654 13666 13668 13697 13717 13777
 13809 13872 13913 13914 13940 13965 14007 14010 14015 14097 14101 14120
 14125 14127 14129 14137 14188 14189 14230 14247 14249 14273 14330 14334
 14354 14361 14376 14389 14420 14430 14444 14446 14463 14467 14472 14493
 14563 14569 14595 14596 14597 14633 14642 14646 14660 14690 14693 14704
 14715 14731 14821 14827 14828 14841 14895 14897 14905 14919 14928 14946
 14960 15002 15018 15029 15048 15060 15072 15094 15098 15107 15114 15117
 15134 15140 15149 15153 15175 15182 15183 15224 15225 15246 15251 15287
 15289 15296 15316 15343 15347 15349 15354 15356 15357 15375 15412 15462
 15474 15475 15530 15534 15535 15542 15544 15549 15558 15575 15595 15598
 15608 15618 15619 15630 15635 15655 15683 15689 15702 15722 15725 15727
 15739 15748 15751 15758 15772 15781 15806 15827 15836 15843 15845 15866
 15876 15886 15898 15900 15902 15914 15931 15937 15938 15954 15963 16011
 16057 16065 16086 16125 16134 16138 16143 16145 16147 16157 16160 16162
 16166 16212 16217 16315 16322 16331 16335 16339 16345 16346 16348 16361
 16392 16394 16405 16418 16421 16423 16451 16466 16468 16497 16521 16523
 16530 16532 16558 16582 16585 16627 16651 16653 16666 16684 16689 16699
 16775 16787 16811 16824 16844 16866 16929 16961 16988 17011]"
Rhombencephalon,rVmat2_Stripe2,"[13694 14222 14409 15237 15439 15517 15649 15652 15654 15754 15793 15795
 15809 15841 15852 15896 15945 16006 16067 16095 16313 16367 16382 16548
 16555 16621 16658 16748 16750 16870 16874]"
Rhombencephalon,rVmat2_Stripe3,"[13538 13719 13808 14086 14128 14132 14314 14341 14356 14421 14437 14451
 14565 14645 14713 14954 15143 15259 15285 15488 15495 15846 15956 15992
 16081 16139]"
Rhombencephalon,rX_Vagus_motorneuron_cluster,"[10180 10871 10950 11536 11988 12170 12194 12218 12423 12427 12485 12571
 12576 12625 12677 12731 13033 13044 13065 13177 13330 13401 13422 13425
 13440 13445 13484 13530 13588 13589 13631 13633 13645 13658 13694 13714
 13763 13790 13833 13865 13917 13999 14093 14141 14180 14182 14207 14222
 14275 14392 14431 14435 14468 14473 14530 14652 14667 14723 14779 14891
 14944 14997 15227 15241 15247 15328 15365 15384 15421 15476 15504 15563
 15778 15794 15802 15820 15823 15857 15864 15897 15908 15979 15987 16003
 16008 16051 16097 16222 16237 16238 16321 16398 16472 16487 16517 16537
 16631 16698 16794]"
Rhombencephalon,r_,[   14    21    23 ... 17259 17260 17261]
Rhombencephalon,rMON,[ 3830  3850  4268 ... 17243 17253 17259]
Rhombencephalon,rCerebellum_granule_cells,"[12836 13348 13527 13554 13556 13733 13892 13985 14105 14139 14347 14588
 14620 14688 14729 14811 14927 14929 14979 15021 15043 15079 15095 15127
 15142 15146 15151 15185 15203 15204 15210 15216 15256 15258 15272 15319
 15341 15396 15397 15415 15442 15467 15481 15547 15573 15614 15624 15636
 15641 15650 15653 15661 15664 15675 15679 15685 15698 15706 15734 15774
 15775 15782 15800 15817 15855 15859 15863 15878 15922 15923 15926 15940
 15969 16012 16014 16023 16026 16043 16059 16063 16091 16106 16111 16119
 16128 16129 16173 16178 16191 16211 16221 16245 16251 16256 16275 16297
 16309 16314 16318 16323 16326 16337 16341 16343 16349 16358 16360 16362
 16378 16385 16411 16412 16416 16417 16425 16442 16447 16450 16458 16477
 16484 16488 16492 16493 16495 16505 16510 16518 16531 16546 16553 16560
 16569 16576 16583 16598 16604 16605 16625 16630 16636 16657 16671 16681
 16682 16697 16716 16721 16726 16729 16731 16737 16766 16767 16795 16807
 16827 16865 16868 16872 16893 16914 16917 16928 16933 16937 16940 17005
 17007 17062 17091 17101]"
Rhombencephalon,rRemaining_Hindbrain,[   14    21    23 ... 17258 17260 17261]
Spinal,rGad1b_Stripe_1,[]
Spinal,rVglut2_Stripe_1,[]
Spinal,rVglut2_Stripe_2,[]
Spinal,rVglut2_Stripe_3,[]
Spinal,rVmat2_Stripe1,[11658 11926 12007 12014 12114 12387 12600 13157]
Spinal,rVmat2_Stripe2,[]
Spinal,r_,[]
Telencephalon,rOlfactory_Bulb,"[   4    8   13   16   17   20   26   61   96   98  100  152  216  290
  374  377  379  387  390  400  401  403  424  432  441  442  443  473
  474  475  479  498  501  517  524  528  529  543  549  565  574  584
  590  614  729  811  857  861  866  867  872  873  880  886  888  893
  906  910  918  934  944  961  973  977 1009 1017 1020 1031 1033 1037
 1056 1064 1117 1140 1353 1367 1374 1396 1401 1404 1417 1418 1423 1445
 1449 1456 1490 1498 1501 1502 1504 1517 1549 1563 1592 1607 1638 1645
 1692 1835 1842 1876 1990 1996 2053 2070 2075 2077 2079 2093 2095 2100
 2101 2109 2169 2183 2213 2265 2285 2511 2604 2618 2626 2651 2666 2677
 2686 2687 2729 2748 2753 2771 2784 2848 2862 2866 2883 2898 3207 3209
 3210 3221 3243 3307 3309 3368 3377 3431 3447 3464 3537 3620 3756 3980
 3994 4010]"
Telencephalon,rOlfactory_bulb_dopaminergic_neuron_areas,"[ 861  862  865  918  921  926  937  967 1023 1218 1366 1383 1405 1412
 1427 1497 1526 1537 1543 1585 1601 1614 1621 1840 1864 2013 2030 2094
 2106 2110 2222 2238 2389 2430 2549 2630 2665 2706 2709 2737 2830 2871
 2954]"
Telencephalon,rPallium,"[   74    80   145   291   396   447   458   548   579   671   722   920
   929   972  1003  1041  1052  1069  1070  1191  1300  1327  1333  1377
  1379  1409  1420  1442  1448  1452  1521  1532  1548  1572  1584  1609
  1630  1653  1696  1717  1725  1760  1785  1878  1882  1997  2007  2037
  2116  2119  2143  2153  2158  2190  2212  2216  2232  2266  2274  2276
  2299  2336  2339  2364  2397  2400  2409  2426  2455  2486  2560  2636
  2638  2692  2701  2742  2791  2816  2841  2905  2964  3020  3022  3069
  3153  3161  3166  3277  3338  3374  3412  3414  3466  3576  3626  3656
  3666  3765  3867  3897  3905  3906  3916  3917  3927  3930  3938  3948
  3950  3951  3956  3967  3968  3993  4003  4025  4027  4059  4062  4092
  4108  4143  4153  4164  4190  4222  4250  4255  4260  4284  4291  4309
  4322  4336  4346  4359  4372  4404  4423  4468  4489  4503  4506  4515
  4525  4564  4578  4586  4623  4625  4633  4635  4638  4645  4651  4658
  4660  4696  4704  4720  4751  4759  4764  4796  4814  4815  4829  4835
  4840  4841  4849  4855  4857  4868  4904  4907  4908  4944  4985  5003
  5009  5026  5037  5062  5076  5081  5086  5107  5108  5113  5116  5125
  5140  5157  5169  5174  5191  5208  5215  5227  5234  5259  5272  5291
  5332  5334  5335  5339  5347  5352  5356  5415  5417  5419  5421  5437
  5449  5452  5457  5464  5474  5498  5540  5594  5607  5625  5635  5643
  5644  5691  5698  5713  5718  5726  5731  5732  5735  5755  5800  5806
  5847  5875  5883  5890  5903  5910  5925  5941  5957  5962  5963  5969
  5985  5991  5997  6000  6005  6056  6079  6085  6133  6136  6160  6173
  6178  6190  6194  6197  6220  6230  6235  6249  6265  6293  6307  6334
  6351  6352  6382  6406  6426  6433  6453  6511  6512  6545  6556  6558
  6579  6604  6640  6646  6647  6656  6658  6678  6719  6727  6729  6733
  6793  6803  6815  6828  6872  6892  6923  6927  6931  6947  6966  6980
  6991  7026  7048  7073  7098  7100  7112  7129  7137  7169  7197  7199
  7224  7229  7254  7285  7291  7292  7305  7308  7319  7348  7364  7399
  7413  7434  7438  7440  7443  7453  7473  7586  7623  7634  7672  7691
  7732  7742  7756  7770  7778  7786  7796  7817  7871  7878  7965  7970
  7983  7996  8015  8037  8052  8129  8206  8208  8218  8221  8237  8240
  8266  8278  8287  8308  8340  8342  8362  8392  8393  8441  8447  8448
  8482  8487  8498  8503  8518  8536  8614  8633  8635  8637  8639  8665
  8710  8715  8743  8754  8762  8765  8769  8781  8848  8858  8863  8875
  8905  8916  8935  8999  9049  9060  9075  9076  9109  9115  9141  9148
  9192  9197  9205  9219  9227  9237  9259  9263  9321  9350  9359  9397
  9434  9566  9580  9599  9600  9602  9633  9680  9681  9716  9743  9779
  9785  9819  9849  9863  9864  9888  9926  9980  9988  9990 10051 10086
 10112 10121 10177 10243 10297 10330 10440 10443 10473 10490 10536 10575
 10582 10610 10620 10658 10674 10753 10780 10883 10962 10964 10968 11028
 11086 11445 11489 11628 11640 12062 12164]"
Telencephalon,rSubpallial_Gad1b_cluster,"[   7    9   43   64  142  218  372  382  446  471  486  515  516  558
  594  595  596  642  802  805  862  865  868  869  871  884  940  948
  958  963  964  967  971  992 1000 1011 1023 1035 1038 1095 1141 1218
 1251 1366 1369 1389 1405 1406 1412 1414 1427 1436 1467 1468 1487 1488
 1489 1491 1497 1506 1507 1509 1526 1537 1543 1576 1581 1585 1601 1605
 1614 1621 1654 1706 1764 1840 1855 1864 1922 1954 1984 2001 2003 2013
 2017 2018 2020 2022 2029 2030 2031 2036 2040 2042 2050 2059 2073 2074
 2084 2094 2103 2105 2106 2107 2110 2112 2115 2120 2128 2154 2168 2174
 2189 2194 2210 2215 2221 2222 2224 2238 2255 2259 2279 2372 2389 2430
 2435 2549 2565 2606 2609 2624 2625 2628 2630 2632 2647 2654 2660 2665
 2671 2673 2674 2675 2705 2706 2707 2708 2709 2712 2730 2735 2746 2761
 2769 2773 2777 2781 2787 2803 2830 2839 2871 2878 2882 2884 2899 2954
 2983 3032 3072 3123 3150 3173 3222 3229 3232 3238 3247 3261 3265 3278
 3282 3304 3314 3315 3328 3341 3352 3393 3416 3462 3493 3513 3520 3522
 3524 3538 3555 3560 3570 3586 3598 3611 3637 3832 3841 3861 3870 3909
 3941 3946 3965 4008 4040 4125 4180 4236 4282 4478 4859 5048 5119 5963]"
Telencephalon,rSubpallial_Vglut2_Cluster,[ 81  87 172 393]
Telencephalon,rSubpallial_dopaminergic_cluster,[3261 3352 3611 3909 3941 3946 4236 4859 5048 5119 5367]
Telencephalon,rSubpallium,"[   5    7    9   11   19   43   64   77   81   87   99  105  106  122
  125  130  142  162  170  172  178  218  244  282  363  371  372  378
  380  381  382  393  394  406  417  446  471  476  481  486  497  499
  508  515  516  523  554  558  559  595  596  608  633  642  670  681
  697  704  713  730  733  746  754  773  802  805  836  858  862  865
  868  869  871  874  876  883  884  921  926  940  948  958  960  963
  964  965  967  971  992  993 1000 1011 1013 1023 1035 1038 1072 1095
 1105 1130 1141 1218 1228 1251 1306 1308 1318 1337 1366 1369 1372 1383
 1389 1394 1399 1403 1405 1406 1412 1414 1421 1427 1436 1467 1468 1479
 1487 1488 1489 1491 1497 1506 1507 1509 1526 1537 1543 1563 1564 1576
 1578 1581 1585 1587 1601 1605 1614 1621 1654 1706 1721 1764 1840 1855
 1864 1922 1954 1984 1992 2003 2013 2017 2018 2020 2022 2029 2030 2031
 2036 2040 2042 2050 2059 2073 2074 2084 2094 2103 2105 2106 2107 2110
 2112 2115 2120 2128 2148 2154 2168 2174 2189 2194 2210 2215 2221 2222
 2224 2238 2255 2259 2279 2372 2389 2430 2435 2549 2565 2606 2609 2624
 2625 2628 2632 2647 2654 2660 2665 2671 2673 2674 2675 2705 2706 2707
 2708 2709 2712 2730 2735 2746 2761 2769 2773 2777 2781 2803 2830 2839
 2871 2878 2882 2884 2899 2954 2983 3032 3072 3091 3123 3150 3173 3177
 3222 3229 3232 3238 3247 3261 3265 3278 3280 3282 3302 3304 3314 3328
 3341 3352 3393 3416 3462 3493 3513 3520 3522 3524 3538 3555 3560 3570
 3586 3598 3611 3637 3832 3841 3851 3861 3870 3891 3909 3941 3946 3965
 4008 4040 4148 4180 4236 4250 4258 4282 4396 4478 4859 5048 5119]"
Telencephalon,rTelencephalic_Migrated_Area_4_M4,[ 266  685  783 1267 1776 2197 2230 2376]
Telencephalon,rVglut2_rind,"[   74    80   145   291   447   548   579   671   722   929  1003  1041
  1052  1069  1070  1191  1300  1379  1420  1584  1630  1725  1760  1882
  1997  2119  2143  2276  2299  2336  2692  2701  2742  2873  2905  2964
  3020  3166  3277  3333  3414  3576  3626  3765  3867  3906  4003  4059
  4156  4177  4291  4309  4503  4586  4623  4658  4704  4814  4857  4868
  4944  4985  5003  5076  5081  5174  5191  5215  5291  5352  5449  5457
  5464  5474  5528  5540  5635  5643  5698  5713  5718  5726  5731  5732
  5735  5755  5800  5883  5941  5985  6079  6136  6173  6220  6334  6352
  6426  6511  6512  6545  6556  6579  6582  6640  6646  6647  6656  6678
  6729  6733  6803  6828  6872  6892  6923  6927  6931  6980  6991  7026
  7073  7100  7112  7137  7143  7180  7197  7199  7224  7229  7285  7291
  7292  7438  7443  7453  7586  7623  7672  7756  7778  7817  7970  7996
  8015  8037  8206  8221  8237  8266  8278  8441  8447  8614  8633  8637
  8639  8754  8765  8769  8858  8916  8999  9075  9076  9109  9141  9259
  9350  9434  9743  9785  9849  9864  9926  9980 10086 10121 10177 10243
 10297 10330 10443 10473 10610 10620 10658 10753 10780 10883 10964 10968
 11086 11445 11489]"
Telencephalon,rVmat2_cluster,"[2115 2210 2221 2609 2628 2675 3222 3247 3261 3302 3314 3339 3341 3352
 3409 3507 3555 3560 3586 3598 3861 3941 3946 3948 4190 4236 4250 4258
 4396 4859 5048 5119 5294 5367 5457]"
Telencephalon,r_,[    4     5     7 ... 12164 12211 12436]
